"Name","Platform","Compiles","CompilesDouble","Uses","UsesDouble","PermutationString"
"/Engine/EngineMaterials/PhAT_JointLimitMaterial.PhAT_JointLimitMaterial","16","0","0","16","0","Compiling PhAT_JointLimitMaterial: Platform=SF_METAL_SM5, Usage=LightingModel=MSM_Unlit, BlendMode=BLEND_Translucent, SpecialEngine=0, TwoSided=1, TSNormal=1, Masked=0, Distorted=0, WritesEveryPixel=1, ModifiesMeshPosition=1, Usage={}"
"/Engine/EngineMaterials/GizmoMaterial.GizmoMaterial","16","0","0","8","0","Compiling GizmoMaterial: Platform=SF_METAL_SM5, Usage=LightingModel=MSM_Unlit, BlendMode=BLEND_Opaque, SpecialEngine=0, TwoSided=1, TSNormal=1, Masked=0, Distorted=0, WritesEveryPixel=1, ModifiesMeshPosition=0, Usage={}"
"/Engine/EngineMaterials/M_InvalidLightmapSettings.M_InvalidLightmapSettings","16","0","0","24","0","Compiling M_InvalidLightmapSettings: Platform=SF_METAL_SM5, Usage=LightingModel=MSM_DefaultLit, BlendMode=BLEND_Opaque, SpecialEngine=0, TwoSided=0, TSNormal=1, Masked=0, Distorted=0, WritesEveryPixel=1, ModifiesMeshPosition=0, Usage={bUsedWithInstancedStaticMeshes}"
"/Engine/EngineMaterials/EmissiveMeshMaterial.EmissiveMeshMaterial","16","0","0","10","0","Compiling EmissiveMeshMaterial: Platform=SF_METAL_SM5, Usage=LightingModel=MSM_Unlit, BlendMode=BLEND_Additive, SpecialEngine=0, TwoSided=1, TSNormal=1, Masked=0, Distorted=0, WritesEveryPixel=1, ModifiesMeshPosition=0, Usage={}"
"/Engine/EngineDebugMaterials/DebugMeshMaterial.DebugMeshMaterial","16","0","0","10","0","Compiling DebugMeshMaterial: Platform=SF_METAL_SM5, Usage=LightingModel=MSM_Unlit, BlendMode=BLEND_Translucent, SpecialEngine=0, TwoSided=1, TSNormal=1, Masked=0, Distorted=0, WritesEveryPixel=1, ModifiesMeshPosition=0, Usage={}"
"/Engine/EngineMaterials/RemoveSurfaceMaterial.RemoveSurfaceMaterial","16","0","0","2","0","Compiling RemoveSurfaceMaterial: Platform=SF_METAL_SM5, Usage=LightingModel=MSM_Unlit, BlendMode=BLEND_Opaque, SpecialEngine=0, TwoSided=0, TSNormal=1, Masked=0, Distorted=0, WritesEveryPixel=1, ModifiesMeshPosition=0, Usage={bUsedWithStaticLighting}"
"/SpeedTreeImporter/SpeedTree9/SpeedTreeBillboardMaster.SpeedTreeBillboardMaster","16","0","0","70","0","Compiling SpeedTreeBillboardMaster: Platform=SF_METAL_SM5, Usage=LightingModel=MSM_TwoSidedFoliage, BlendMode=BLEND_Masked, SpecialEngine=0, TwoSided=0, TSNormal=1, Masked=1, Distorted=0, WritesEveryPixel=0, ModifiesMeshPosition=1, Usage={bUsedWithInstancedStaticMeshes}"
"/SpeedTreeImporter/SpeedTree9/SpeedTreeMaster.SpeedTreeMaster","16","0","0","96","0","Compiling SpeedTreeMaster: Platform=SF_METAL_SM5, Usage=LightingModel=MSM_TwoSidedFoliage, BlendMode=BLEND_Masked, SpecialEngine=0, TwoSided=1, TSNormal=1, Masked=1, Distorted=0, WritesEveryPixel=0, ModifiesMeshPosition=1, Usage={bUsedWithStaticLighting,bUsedWithInstancedStaticMeshes}"
"/Engine/EngineDebugMaterials/M_VolumeRenderSphereTracePP.M_VolumeRenderSphereTracePP","16","0","0","4","0","Compiling M_VolumeRenderSphereTracePP: Platform=SF_METAL_SM5, Usage=LightingModel=MSM_Unlit, BlendMode=BLEND_Opaque, SpecialEngine=0, TwoSided=0, TSNormal=1, Masked=0, Distorted=0, WritesEveryPixel=1, ModifiesMeshPosition=0, Usage={}"
"/Paper2D/DefaultSpriteMaterial.DefaultSpriteMaterial","16","0","0","24","0","Compiling DefaultSpriteMaterial: Platform=SF_METAL_SM5, Usage=LightingModel=MSM_Unlit, BlendMode=BLEND_Opaque, SpecialEngine=0, TwoSided=1, TSNormal=1, Masked=0, Distorted=0, WritesEveryPixel=1, ModifiesMeshPosition=0, Usage={bUsedWithNiagaraSprites}"
"/Paper2D/DefaultSpriteMaterial.DefaultSpriteMaterial","16","0","0","69","0","Compiling DefaultSpriteMaterial: Platform=SF_METAL_SM5, Usage=LightingModel=MSM_Unlit, BlendMode=BLEND_Masked, SpecialEngine=0, TwoSided=1, TSNormal=1, Masked=1, Distorted=0, WritesEveryPixel=0, ModifiesMeshPosition=0, Usage={bUsedWithNiagaraSprites}"
"/Engine/EngineDebugMaterials/WireframeMaterial.WireframeMaterial","16","0","0","695","0","Compiling WireframeMaterial: Platform=SF_METAL_SM5, Usage=LightingModel=MSM_Unlit, BlendMode=BLEND_Opaque, SpecialEngine=1, TwoSided=0, TSNormal=1, Masked=0, Distorted=0, WritesEveryPixel=0, ModifiesMeshPosition=0, Usage={}"
"/Engine/EngineDebugMaterials/VertexColorMaterial.VertexColorMaterial","16","0","0","90","0","Compiling VertexColorMaterial: Platform=SF_METAL_SM5, Usage=LightingModel=MSM_DefaultLit, BlendMode=BLEND_Opaque, SpecialEngine=0, TwoSided=1, TSNormal=1, Masked=0, Distorted=0, WritesEveryPixel=1, ModifiesMeshPosition=0, Usage={bUsedWithSkeletalMesh,bUsedWithInstancedStaticMeshes,bUsedWithGeometryCollections,bUsedWithGeometryCache}"
"/Engine/EngineMaterials/DefaultMaterial.DefaultMaterial","16","0","0","147","0","Compiling DefaultMaterial: Platform=SF_METAL_SM5, Usage=LightingModel=MSM_DefaultLit, BlendMode=BLEND_Opaque, SpecialEngine=0, TwoSided=0, TSNormal=1, Masked=0, Distorted=0, WritesEveryPixel=1, ModifiesMeshPosition=0, Usage={bUsedWithSkeletalMesh,bUsedWithMeshParticles,bUsedWithStaticLighting,bUsedWithSplineMeshes,bUsedWithInstancedStaticMeshes,bUsedWithNiagaraSprites,bUsedWithNiagaraRibbons,bUsedWithNiagaraMeshParticles}"
"/Engine/ArtTools/RenderToTexture/Materials/Debug/M_Emissive_Color.M_Emissive_Color","16","0","0","2","0","Compiling M_Emissive_Color: Platform=SF_METAL_SM5, Usage=LightingModel=MSM_Unlit, BlendMode=BLEND_Opaque, SpecialEngine=0, TwoSided=0, TSNormal=1, Masked=0, Distorted=0, WritesEveryPixel=1, ModifiesMeshPosition=0, Usage={bUsedWithStaticLighting}"
"/Engine/EngineMaterials/Widget3DPassThrough.Widget3DPassThrough","16","0","0","23","0","Compiling Widget3DPassThrough: Platform=SF_METAL_SM5, Usage=LightingModel=MSM_Unlit, BlendMode=BLEND_Masked, SpecialEngine=0, TwoSided=0, TSNormal=1, Masked=1, Distorted=0, WritesEveryPixel=0, ModifiesMeshPosition=0, Usage={}"
"/Engine/EngineMaterials/Widget3DPassThrough.Widget3DPassThrough","16","0","0","23","0","Compiling Widget3DPassThrough: Platform=SF_METAL_SM5, Usage=LightingModel=MSM_Unlit, BlendMode=BLEND_Masked, SpecialEngine=0, TwoSided=1, TSNormal=1, Masked=1, Distorted=0, WritesEveryPixel=0, ModifiesMeshPosition=0, Usage={}"
"/Engine/EngineMaterials/Widget3DPassThrough.Widget3DPassThrough","16","0","0","2","0","Compiling Widget3DPassThrough: Platform=SF_METAL_SM5, Usage=LightingModel=MSM_Unlit, BlendMode=BLEND_Opaque, SpecialEngine=0, TwoSided=0, TSNormal=1, Masked=0, Distorted=0, WritesEveryPixel=1, ModifiesMeshPosition=0, Usage={}"
"/Engine/EngineMaterials/Widget3DPassThrough.Widget3DPassThrough","16","0","0","8","0","Compiling Widget3DPassThrough: Platform=SF_METAL_SM5, Usage=LightingModel=MSM_Unlit, BlendMode=BLEND_Opaque, SpecialEngine=0, TwoSided=1, TSNormal=1, Masked=0, Distorted=0, WritesEveryPixel=1, ModifiesMeshPosition=0, Usage={}"
"/Engine/EngineMaterials/Widget3DPassThrough.Widget3DPassThrough","16","0","0","8","0","Compiling Widget3DPassThrough: Platform=SF_METAL_SM5, Usage=LightingModel=MSM_Unlit, BlendMode=BLEND_Translucent, SpecialEngine=0, TwoSided=0, TSNormal=1, Masked=0, Distorted=0, WritesEveryPixel=1, ModifiesMeshPosition=0, Usage={}"
"/Engine/EngineMaterials/Widget3DPassThrough.Widget3DPassThrough","16","0","0","10","0","Compiling Widget3DPassThrough: Platform=SF_METAL_SM5, Usage=LightingModel=MSM_Unlit, BlendMode=BLEND_Translucent, SpecialEngine=0, TwoSided=1, TSNormal=1, Masked=0, Distorted=0, WritesEveryPixel=1, ModifiesMeshPosition=0, Usage={}"
"/Engine/VREditor/TransformGizmo/Xray.Xray","16","0","0","12","0","Compiling Xray: Platform=SF_METAL_SM5, Usage=LightingModel=MSM_DefaultLit, BlendMode=BLEND_Opaque, SpecialEngine=0, TwoSided=0, TSNormal=1, Masked=0, Distorted=0, WritesEveryPixel=1, ModifiesMeshPosition=0, Usage={}"
"/Engine/VREditor/TransformGizmo/Main.Main","16","0","0","8","0","Compiling Main: Platform=SF_METAL_SM5, Usage=LightingModel=MSM_Unlit, BlendMode=BLEND_Translucent, SpecialEngine=0, TwoSided=0, TSNormal=1, Masked=0, Distorted=0, WritesEveryPixel=1, ModifiesMeshPosition=0, Usage={}"
"/Engine/VREditor/TransformGizmo/TranslucentTransformGizmoMaterial.TranslucentTransformGizmoMaterial","16","0","0","8","0","Compiling TranslucentTransformGizmoMaterial: Platform=SF_METAL_SM5, Usage=LightingModel=MSM_Unlit, BlendMode=BLEND_Translucent, SpecialEngine=0, TwoSided=0, TSNormal=1, Masked=0, Distorted=0, WritesEveryPixel=1, ModifiesMeshPosition=0, Usage={}"
"/Engine/VREditor/TransformGizmo/TransformGizmoMaterial.TransformGizmoMaterial","16","0","0","2","0","Compiling TransformGizmoMaterial: Platform=SF_METAL_SM5, Usage=LightingModel=MSM_Unlit, BlendMode=BLEND_Opaque, SpecialEngine=0, TwoSided=0, TSNormal=1, Masked=0, Distorted=0, WritesEveryPixel=1, ModifiesMeshPosition=0, Usage={}"
"/Engine/EngineDebugMaterials/M_SimpleUnlitTranslucent.M_SimpleUnlitTranslucent","16","0","0","8","0","Compiling M_SimpleUnlitTranslucent: Platform=SF_METAL_SM5, Usage=LightingModel=MSM_Unlit, BlendMode=BLEND_Translucent, SpecialEngine=0, TwoSided=0, TSNormal=1, Masked=0, Distorted=0, WritesEveryPixel=1, ModifiesMeshPosition=0, Usage={}"
"/Engine/EditorMaterials/Camera/CineMat.CineMat","16","0","0","24","0","Compiling CineMat: Platform=SF_METAL_SM5, Usage=LightingModel=MSM_DefaultLit, BlendMode=BLEND_Opaque, SpecialEngine=0, TwoSided=0, TSNormal=1, Masked=0, Distorted=0, WritesEveryPixel=1, ModifiesMeshPosition=0, Usage={bUsedWithSplineMeshes}"
"/Engine/EngineMaterials/BaseFlattenMaterial.BaseFlattenMaterial","16","0","0","52","0","Compiling BaseFlattenMaterial: Platform=SF_METAL_SM5, Usage=LightingModel=MSM_DefaultLit, BlendMode=BLEND_Opaque, SpecialEngine=0, TwoSided=0, TSNormal=1, Masked=0, Distorted=0, WritesEveryPixel=0, ModifiesMeshPosition=1, Usage={bUsedWithStaticLighting}"
"/Engine/EngineSky/VolumetricClouds/m_SimpleVolumetricCloud.m_SimpleVolumetricCloud","16","0","0","50","0","Compiling m_SimpleVolumetricCloud: Platform=SF_METAL_SM5, Usage=LightingModel=MSM_DefaultLit, BlendMode=BLEND_Additive, SpecialEngine=0, TwoSided=0, TSNormal=1, Masked=0, Distorted=0, WritesEveryPixel=1, ModifiesMeshPosition=0, Usage={}"
"/Engine/EngineMaterials/DefaultPostProcessMaterial.DefaultPostProcessMaterial","16","0","0","6","0","Compiling DefaultPostProcessMaterial: Platform=SF_METAL_SM5, Usage=LightingModel=MSM_Unlit, BlendMode=BLEND_Opaque, SpecialEngine=0, TwoSided=0, TSNormal=1, Masked=0, Distorted=0, WritesEveryPixel=1, ModifiesMeshPosition=0, Usage={bUsedWithSkeletalMesh,bUsedWithStaticLighting}"
"/Engine/EngineMaterials/DefaultLightFunctionMaterial.DefaultLightFunctionMaterial","16","0","0","19","0","Compiling DefaultLightFunctionMaterial: Platform=SF_METAL_SM5, Usage=LightingModel=MSM_Unlit, BlendMode=BLEND_Opaque, SpecialEngine=0, TwoSided=0, TSNormal=1, Masked=0, Distorted=0, WritesEveryPixel=1, ModifiesMeshPosition=0, Usage={}"
"/Engine/EngineMaterials/DefaultDeferredDecalMaterial.DefaultDeferredDecalMaterial","16","0","0","115","0","Compiling DefaultDeferredDecalMaterial: Platform=SF_METAL_SM5, Usage=LightingModel=MSM_DefaultLit, BlendMode=BLEND_Translucent, SpecialEngine=0, TwoSided=0, TSNormal=1, Masked=0, Distorted=0, WritesEveryPixel=1, ModifiesMeshPosition=0, Usage={bUsedWithSkeletalMesh,bUsedWithStaticLighting,bUsedWithSplineMeshes}"
"/Engine/EngineMaterials/WorldGridMaterial.WorldGridMaterial","16","0","0","996","0","Compiling WorldGridMaterial: Platform=SF_METAL_SM5, Usage=LightingModel=MSM_DefaultLit, BlendMode=BLEND_Opaque, SpecialEngine=1, TwoSided=0, TSNormal=1, Masked=0, Distorted=0, WritesEveryPixel=1, ModifiesMeshPosition=0, Usage={}"
"/Engine/EngineMaterials/DefaultTextMaterialOpaque.DefaultTextMaterialOpaque","16","0","0","35","0","Compiling DefaultTextMaterialOpaque: Platform=SF_METAL_SM5, Usage=LightingModel=MSM_DefaultLit, BlendMode=BLEND_Masked, SpecialEngine=0, TwoSided=1, TSNormal=1, Masked=1, Distorted=0, WritesEveryPixel=0, ModifiesMeshPosition=0, Usage={}"
"/Engine/EngineMaterials/PPM_DefaultCalibrationGrayscale.PPM_DefaultCalibrationGrayscale","16","0","0","4","0","Compiling PPM_DefaultCalibrationGrayscale: Platform=SF_METAL_SM5, Usage=LightingModel=MSM_Unlit, BlendMode=BLEND_Opaque, SpecialEngine=0, TwoSided=0, TSNormal=1, Masked=0, Distorted=0, WritesEveryPixel=1, ModifiesMeshPosition=0, Usage={}"
"/Engine/EngineMaterials/PPM_DefaultCalibrationColor.PPM_DefaultCalibrationColor","16","0","0","4","0","Compiling PPM_DefaultCalibrationColor: Platform=SF_METAL_SM5, Usage=LightingModel=MSM_Unlit, BlendMode=BLEND_Opaque, SpecialEngine=0, TwoSided=0, TSNormal=1, Masked=0, Distorted=0, WritesEveryPixel=1, ModifiesMeshPosition=0, Usage={}"
"/Engine/EditorMaterials/PreviewShadowIndicatorMaterial.PreviewShadowIndicatorMaterial","16","0","0","19","0","Compiling PreviewShadowIndicatorMaterial: Platform=SF_METAL_SM5, Usage=LightingModel=MSM_Unlit, BlendMode=BLEND_Opaque, SpecialEngine=0, TwoSided=0, TSNormal=1, Masked=0, Distorted=0, WritesEveryPixel=1, ModifiesMeshPosition=0, Usage={}"
"/Engine/EngineDebugMaterials/DebugEditorMaterial.DebugEditorMaterial","16","0","0","8","0","Compiling DebugEditorMaterial: Platform=SF_METAL_SM5, Usage=LightingModel=MSM_Unlit, BlendMode=BLEND_Opaque, SpecialEngine=0, TwoSided=1, TSNormal=1, Masked=0, Distorted=0, WritesEveryPixel=1, ModifiesMeshPosition=0, Usage={}"
"/Game/LowPolyCity/Materials/M_LowPolyCity_01.M_LowPolyCity_01","16","0","0","21","0","Compiling M_LowPolyCity_01: Platform=SF_METAL_SM5, Usage=LightingModel=MSM_DefaultLit, BlendMode=BLEND_Opaque, SpecialEngine=0, TwoSided=0, TSNormal=1, Masked=0, Distorted=0, WritesEveryPixel=1, ModifiesMeshPosition=0, Usage={bUsedWithStaticLighting}"
"/Engine/EngineSky/M_Sky_Panning_Clouds2.M_Sky_Panning_Clouds2","16","0","0","2","0","Compiling M_Sky_Panning_Clouds2: Platform=SF_METAL_SM5, Usage=LightingModel=MSM_Unlit, BlendMode=BLEND_Opaque, SpecialEngine=0, TwoSided=0, TSNormal=1, Masked=0, Distorted=0, WritesEveryPixel=1, ModifiesMeshPosition=0, Usage={bUsedWithStaticLighting}"
"/Game/Toony_Tiny_Citizens/Materials/M_Citizens_A.M_Citizens_A","16","0","0","33","0","Compiling M_Citizens_A: Platform=SF_METAL_SM5, Usage=LightingModel=MSM_DefaultLit, BlendMode=BLEND_Opaque, SpecialEngine=0, TwoSided=0, TSNormal=1, Masked=0, Distorted=0, WritesEveryPixel=1, ModifiesMeshPosition=0, Usage={bUsedWithSkeletalMesh,bUsedWithStaticLighting}"
"/Game/Toony_Tiny_Citizens/Materials/M_Citizens_B.M_Citizens_B","16","0","0","24","0","Compiling M_Citizens_B: Platform=SF_METAL_SM5, Usage=LightingModel=MSM_DefaultLit, BlendMode=BLEND_Opaque, SpecialEngine=0, TwoSided=0, TSNormal=1, Masked=0, Distorted=0, WritesEveryPixel=1, ModifiesMeshPosition=0, Usage={bUsedWithSkeletalMesh}"
"/Game/Toony_Tiny_Citizens/Materials/M_Floor.M_Floor","16","0","0","21","0","Compiling M_Floor: Platform=SF_METAL_SM5, Usage=LightingModel=MSM_DefaultLit, BlendMode=BLEND_Opaque, SpecialEngine=0, TwoSided=0, TSNormal=1, Masked=0, Distorted=0, WritesEveryPixel=1, ModifiesMeshPosition=0, Usage={bUsedWithStaticLighting}"
"/Game/Alienboy/material/tshirt/Mat_T_Alienboy_tshirt2.Mat_T_Alienboy_tshirt2","16","0","0","36","0","Compiling Mat_T_Alienboy_tshirt2: Platform=SF_METAL_SM5, Usage=LightingModel=MSM_DefaultLit, BlendMode=BLEND_Opaque, SpecialEngine=0, TwoSided=1, TSNormal=1, Masked=0, Distorted=0, WritesEveryPixel=1, ModifiesMeshPosition=0, Usage={bUsedWithSkeletalMesh}"
"/Game/Alienboy/material/shorts/Mat_T_Alienboy_shorts5.Mat_T_Alienboy_shorts5","16","0","0","36","0","Compiling Mat_T_Alienboy_shorts5: Platform=SF_METAL_SM5, Usage=LightingModel=MSM_DefaultLit, BlendMode=BLEND_Opaque, SpecialEngine=0, TwoSided=1, TSNormal=1, Masked=0, Distorted=0, WritesEveryPixel=1, ModifiesMeshPosition=0, Usage={bUsedWithSkeletalMesh}"
"/Game/Alienboy/material/head/Mat_T_Alienboy_head1.Mat_T_Alienboy_head1","16","0","0","24","0","Compiling Mat_T_Alienboy_head1: Platform=SF_METAL_SM5, Usage=LightingModel=MSM_DefaultLit, BlendMode=BLEND_Opaque, SpecialEngine=0, TwoSided=0, TSNormal=1, Masked=0, Distorted=0, WritesEveryPixel=1, ModifiesMeshPosition=0, Usage={bUsedWithSkeletalMesh}"
"/Game/Alienboy/material/eyes/Mat_T_Alienboy_eyes.Mat_T_Alienboy_eyes","16","0","0","24","0","Compiling Mat_T_Alienboy_eyes: Platform=SF_METAL_SM5, Usage=LightingModel=MSM_DefaultLit, BlendMode=BLEND_Opaque, SpecialEngine=0, TwoSided=0, TSNormal=1, Masked=0, Distorted=0, WritesEveryPixel=1, ModifiesMeshPosition=0, Usage={bUsedWithSkeletalMesh}"
"/Game/Alienboy/material/cross/Mat_T_Alienboy_cross1.Mat_T_Alienboy_cross1","16","0","0","24","0","Compiling Mat_T_Alienboy_cross1: Platform=SF_METAL_SM5, Usage=LightingModel=MSM_DefaultLit, BlendMode=BLEND_Opaque, SpecialEngine=0, TwoSided=0, TSNormal=1, Masked=0, Distorted=0, WritesEveryPixel=1, ModifiesMeshPosition=0, Usage={bUsedWithSkeletalMesh}"
"/Game/Alienboy/material/cap/Mat_T_Alienboy_cap1.Mat_T_Alienboy_cap1","16","0","0","36","0","Compiling Mat_T_Alienboy_cap1: Platform=SF_METAL_SM5, Usage=LightingModel=MSM_DefaultLit, BlendMode=BLEND_Opaque, SpecialEngine=0, TwoSided=1, TSNormal=1, Masked=0, Distorted=0, WritesEveryPixel=1, ModifiesMeshPosition=0, Usage={bUsedWithSkeletalMesh}"
"/Game/Alienboy/material/body/Mat_T_Alienboy_body1.Mat_T_Alienboy_body1","16","0","0","24","0","Compiling Mat_T_Alienboy_body1: Platform=SF_METAL_SM5, Usage=LightingModel=MSM_DefaultLit, BlendMode=BLEND_Opaque, SpecialEngine=0, TwoSided=0, TSNormal=1, Masked=0, Distorted=0, WritesEveryPixel=1, ModifiesMeshPosition=0, Usage={bUsedWithSkeletalMesh}"
"/Game/Alienboy/material/tshirt/Mat_T_Alienboy_tshirt9.Mat_T_Alienboy_tshirt9","16","0","0","36","0","Compiling Mat_T_Alienboy_tshirt9: Platform=SF_METAL_SM5, Usage=LightingModel=MSM_DefaultLit, BlendMode=BLEND_Opaque, SpecialEngine=0, TwoSided=1, TSNormal=1, Masked=0, Distorted=0, WritesEveryPixel=1, ModifiesMeshPosition=0, Usage={bUsedWithSkeletalMesh}"
"/Game/Alienboy/material/tshirt/Mat_T_Alienboy_tshirt8.Mat_T_Alienboy_tshirt8","16","0","0","36","0","Compiling Mat_T_Alienboy_tshirt8: Platform=SF_METAL_SM5, Usage=LightingModel=MSM_DefaultLit, BlendMode=BLEND_Opaque, SpecialEngine=0, TwoSided=1, TSNormal=1, Masked=0, Distorted=0, WritesEveryPixel=1, ModifiesMeshPosition=0, Usage={bUsedWithSkeletalMesh}"
"/Game/Alienboy/material/tshirt/Mat_T_Alienboy_tshirt7.Mat_T_Alienboy_tshirt7","16","0","0","36","0","Compiling Mat_T_Alienboy_tshirt7: Platform=SF_METAL_SM5, Usage=LightingModel=MSM_DefaultLit, BlendMode=BLEND_Opaque, SpecialEngine=0, TwoSided=1, TSNormal=1, Masked=0, Distorted=0, WritesEveryPixel=1, ModifiesMeshPosition=0, Usage={bUsedWithSkeletalMesh}"
"/Game/Alienboy/material/tshirt/Mat_T_Alienboy_tshirt6.Mat_T_Alienboy_tshirt6","16","0","0","36","0","Compiling Mat_T_Alienboy_tshirt6: Platform=SF_METAL_SM5, Usage=LightingModel=MSM_DefaultLit, BlendMode=BLEND_Opaque, SpecialEngine=0, TwoSided=1, TSNormal=1, Masked=0, Distorted=0, WritesEveryPixel=1, ModifiesMeshPosition=0, Usage={bUsedWithSkeletalMesh}"
"/Game/Alienboy/material/tshirt/Mat_T_Alienboy_tshirt5.Mat_T_Alienboy_tshirt5","16","0","0","36","0","Compiling Mat_T_Alienboy_tshirt5: Platform=SF_METAL_SM5, Usage=LightingModel=MSM_DefaultLit, BlendMode=BLEND_Opaque, SpecialEngine=0, TwoSided=1, TSNormal=1, Masked=0, Distorted=0, WritesEveryPixel=1, ModifiesMeshPosition=0, Usage={bUsedWithSkeletalMesh}"
"/Game/Alienboy/material/tshirt/Mat_T_Alienboy_tshirt4.Mat_T_Alienboy_tshirt4","16","0","0","36","0","Compiling Mat_T_Alienboy_tshirt4: Platform=SF_METAL_SM5, Usage=LightingModel=MSM_DefaultLit, BlendMode=BLEND_Opaque, SpecialEngine=0, TwoSided=1, TSNormal=1, Masked=0, Distorted=0, WritesEveryPixel=1, ModifiesMeshPosition=0, Usage={bUsedWithSkeletalMesh}"
"/Game/Alienboy/material/tshirt/Mat_T_Alienboy_tshirt3.Mat_T_Alienboy_tshirt3","16","0","0","36","0","Compiling Mat_T_Alienboy_tshirt3: Platform=SF_METAL_SM5, Usage=LightingModel=MSM_DefaultLit, BlendMode=BLEND_Opaque, SpecialEngine=0, TwoSided=1, TSNormal=1, Masked=0, Distorted=0, WritesEveryPixel=1, ModifiesMeshPosition=0, Usage={bUsedWithSkeletalMesh}"
"/Game/Alienboy/material/tshirt/Mat_T_Alienboy_tshirt10.Mat_T_Alienboy_tshirt10","16","0","0","36","0","Compiling Mat_T_Alienboy_tshirt10: Platform=SF_METAL_SM5, Usage=LightingModel=MSM_DefaultLit, BlendMode=BLEND_Opaque, SpecialEngine=0, TwoSided=1, TSNormal=1, Masked=0, Distorted=0, WritesEveryPixel=1, ModifiesMeshPosition=0, Usage={bUsedWithSkeletalMesh}"
"/Game/Alienboy/material/tshirt/Mat_T_Alienboy_tshirt1.Mat_T_Alienboy_tshirt1","16","0","0","36","0","Compiling Mat_T_Alienboy_tshirt1: Platform=SF_METAL_SM5, Usage=LightingModel=MSM_DefaultLit, BlendMode=BLEND_Opaque, SpecialEngine=0, TwoSided=1, TSNormal=1, Masked=0, Distorted=0, WritesEveryPixel=1, ModifiesMeshPosition=0, Usage={bUsedWithSkeletalMesh}"
"/Game/Alienboy/material/shorts/Mat_T_Alienboy_shorts9.Mat_T_Alienboy_shorts9","16","0","0","36","0","Compiling Mat_T_Alienboy_shorts9: Platform=SF_METAL_SM5, Usage=LightingModel=MSM_DefaultLit, BlendMode=BLEND_Opaque, SpecialEngine=0, TwoSided=1, TSNormal=1, Masked=0, Distorted=0, WritesEveryPixel=1, ModifiesMeshPosition=0, Usage={bUsedWithSkeletalMesh}"
"/Game/Alienboy/material/shorts/Mat_T_Alienboy_shorts8.Mat_T_Alienboy_shorts8","16","0","0","36","0","Compiling Mat_T_Alienboy_shorts8: Platform=SF_METAL_SM5, Usage=LightingModel=MSM_DefaultLit, BlendMode=BLEND_Opaque, SpecialEngine=0, TwoSided=1, TSNormal=1, Masked=0, Distorted=0, WritesEveryPixel=1, ModifiesMeshPosition=0, Usage={bUsedWithSkeletalMesh}"
"/Game/Alienboy/material/shorts/Mat_T_Alienboy_shorts7.Mat_T_Alienboy_shorts7","16","0","0","36","0","Compiling Mat_T_Alienboy_shorts7: Platform=SF_METAL_SM5, Usage=LightingModel=MSM_DefaultLit, BlendMode=BLEND_Opaque, SpecialEngine=0, TwoSided=1, TSNormal=1, Masked=0, Distorted=0, WritesEveryPixel=1, ModifiesMeshPosition=0, Usage={bUsedWithSkeletalMesh}"
"/Game/Alienboy/material/shorts/Mat_T_Alienboy_shorts6.Mat_T_Alienboy_shorts6","16","0","0","36","0","Compiling Mat_T_Alienboy_shorts6: Platform=SF_METAL_SM5, Usage=LightingModel=MSM_DefaultLit, BlendMode=BLEND_Opaque, SpecialEngine=0, TwoSided=1, TSNormal=1, Masked=0, Distorted=0, WritesEveryPixel=1, ModifiesMeshPosition=0, Usage={bUsedWithSkeletalMesh}"
"/Game/Alienboy/material/shorts/Mat_T_Alienboy_shorts4.Mat_T_Alienboy_shorts4","16","0","0","36","0","Compiling Mat_T_Alienboy_shorts4: Platform=SF_METAL_SM5, Usage=LightingModel=MSM_DefaultLit, BlendMode=BLEND_Opaque, SpecialEngine=0, TwoSided=1, TSNormal=1, Masked=0, Distorted=0, WritesEveryPixel=1, ModifiesMeshPosition=0, Usage={bUsedWithSkeletalMesh}"
"/Game/Alienboy/material/shorts/Mat_T_Alienboy_shorts3.Mat_T_Alienboy_shorts3","16","0","0","36","0","Compiling Mat_T_Alienboy_shorts3: Platform=SF_METAL_SM5, Usage=LightingModel=MSM_DefaultLit, BlendMode=BLEND_Opaque, SpecialEngine=0, TwoSided=1, TSNormal=1, Masked=0, Distorted=0, WritesEveryPixel=1, ModifiesMeshPosition=0, Usage={bUsedWithSkeletalMesh}"
"/Game/Alienboy/material/shorts/Mat_T_Alienboy_shorts2.Mat_T_Alienboy_shorts2","16","0","0","36","0","Compiling Mat_T_Alienboy_shorts2: Platform=SF_METAL_SM5, Usage=LightingModel=MSM_DefaultLit, BlendMode=BLEND_Opaque, SpecialEngine=0, TwoSided=1, TSNormal=1, Masked=0, Distorted=0, WritesEveryPixel=1, ModifiesMeshPosition=0, Usage={bUsedWithSkeletalMesh}"
"/Game/Alienboy/material/shorts/Mat_T_Alienboy_shorts10.Mat_T_Alienboy_shorts10","16","0","0","36","0","Compiling Mat_T_Alienboy_shorts10: Platform=SF_METAL_SM5, Usage=LightingModel=MSM_DefaultLit, BlendMode=BLEND_Opaque, SpecialEngine=0, TwoSided=1, TSNormal=1, Masked=0, Distorted=0, WritesEveryPixel=1, ModifiesMeshPosition=0, Usage={bUsedWithSkeletalMesh}"
"/Game/Alienboy/material/shorts/Mat_T_Alienboy_shorts1.Mat_T_Alienboy_shorts1","16","0","0","36","0","Compiling Mat_T_Alienboy_shorts1: Platform=SF_METAL_SM5, Usage=LightingModel=MSM_DefaultLit, BlendMode=BLEND_Opaque, SpecialEngine=0, TwoSided=1, TSNormal=1, Masked=0, Distorted=0, WritesEveryPixel=1, ModifiesMeshPosition=0, Usage={bUsedWithSkeletalMesh}"
"/Game/Alienboy/material/head/Mat_T_Alienboy_head5.Mat_T_Alienboy_head5","16","0","0","24","0","Compiling Mat_T_Alienboy_head5: Platform=SF_METAL_SM5, Usage=LightingModel=MSM_DefaultLit, BlendMode=BLEND_Opaque, SpecialEngine=0, TwoSided=0, TSNormal=1, Masked=0, Distorted=0, WritesEveryPixel=1, ModifiesMeshPosition=0, Usage={bUsedWithSkeletalMesh}"
"/Game/Alienboy/material/head/Mat_T_Alienboy_head4.Mat_T_Alienboy_head4","16","0","0","24","0","Compiling Mat_T_Alienboy_head4: Platform=SF_METAL_SM5, Usage=LightingModel=MSM_DefaultLit, BlendMode=BLEND_Opaque, SpecialEngine=0, TwoSided=0, TSNormal=1, Masked=0, Distorted=0, WritesEveryPixel=1, ModifiesMeshPosition=0, Usage={bUsedWithSkeletalMesh}"
"/Game/Alienboy/material/head/Mat_T_Alienboy_head3.Mat_T_Alienboy_head3","16","0","0","24","0","Compiling Mat_T_Alienboy_head3: Platform=SF_METAL_SM5, Usage=LightingModel=MSM_DefaultLit, BlendMode=BLEND_Opaque, SpecialEngine=0, TwoSided=0, TSNormal=1, Masked=0, Distorted=0, WritesEveryPixel=1, ModifiesMeshPosition=0, Usage={bUsedWithSkeletalMesh}"
"/Game/Alienboy/material/head/Mat_T_Alienboy_head2.Mat_T_Alienboy_head2","16","0","0","24","0","Compiling Mat_T_Alienboy_head2: Platform=SF_METAL_SM5, Usage=LightingModel=MSM_DefaultLit, BlendMode=BLEND_Opaque, SpecialEngine=0, TwoSided=0, TSNormal=1, Masked=0, Distorted=0, WritesEveryPixel=1, ModifiesMeshPosition=0, Usage={bUsedWithSkeletalMesh}"
"/Game/Alienboy/material/floor/Mat_T_Alienboy_floor.Mat_T_Alienboy_floor","16","0","0","21","0","Compiling Mat_T_Alienboy_floor: Platform=SF_METAL_SM5, Usage=LightingModel=MSM_DefaultLit, BlendMode=BLEND_Opaque, SpecialEngine=0, TwoSided=0, TSNormal=1, Masked=0, Distorted=0, WritesEveryPixel=1, ModifiesMeshPosition=0, Usage={bUsedWithStaticLighting}"
"/Game/Alienboy/material/cross/Mat_T_Alienboy_cross4.Mat_T_Alienboy_cross4","16","0","0","24","0","Compiling Mat_T_Alienboy_cross4: Platform=SF_METAL_SM5, Usage=LightingModel=MSM_DefaultLit, BlendMode=BLEND_Opaque, SpecialEngine=0, TwoSided=0, TSNormal=1, Masked=0, Distorted=0, WritesEveryPixel=1, ModifiesMeshPosition=0, Usage={bUsedWithSkeletalMesh}"
"/Game/Alienboy/material/cross/Mat_T_Alienboy_cross3.Mat_T_Alienboy_cross3","16","0","0","24","0","Compiling Mat_T_Alienboy_cross3: Platform=SF_METAL_SM5, Usage=LightingModel=MSM_DefaultLit, BlendMode=BLEND_Opaque, SpecialEngine=0, TwoSided=0, TSNormal=1, Masked=0, Distorted=0, WritesEveryPixel=1, ModifiesMeshPosition=0, Usage={bUsedWithSkeletalMesh}"
"/Game/Alienboy/material/cross/Mat_T_Alienboy_cross2.Mat_T_Alienboy_cross2","16","0","0","24","0","Compiling Mat_T_Alienboy_cross2: Platform=SF_METAL_SM5, Usage=LightingModel=MSM_DefaultLit, BlendMode=BLEND_Opaque, SpecialEngine=0, TwoSided=0, TSNormal=1, Masked=0, Distorted=0, WritesEveryPixel=1, ModifiesMeshPosition=0, Usage={bUsedWithSkeletalMesh}"
"/Game/Alienboy/material/cap/Mat_T_Alienboy_cap5.Mat_T_Alienboy_cap5","16","0","0","36","0","Compiling Mat_T_Alienboy_cap5: Platform=SF_METAL_SM5, Usage=LightingModel=MSM_DefaultLit, BlendMode=BLEND_Opaque, SpecialEngine=0, TwoSided=1, TSNormal=1, Masked=0, Distorted=0, WritesEveryPixel=1, ModifiesMeshPosition=0, Usage={bUsedWithSkeletalMesh}"
"/Game/Alienboy/material/cap/Mat_T_Alienboy_cap4.Mat_T_Alienboy_cap4","16","0","0","36","0","Compiling Mat_T_Alienboy_cap4: Platform=SF_METAL_SM5, Usage=LightingModel=MSM_DefaultLit, BlendMode=BLEND_Opaque, SpecialEngine=0, TwoSided=1, TSNormal=1, Masked=0, Distorted=0, WritesEveryPixel=1, ModifiesMeshPosition=0, Usage={bUsedWithSkeletalMesh}"
"/Game/Alienboy/material/cap/Mat_T_Alienboy_cap3.Mat_T_Alienboy_cap3","16","0","0","36","0","Compiling Mat_T_Alienboy_cap3: Platform=SF_METAL_SM5, Usage=LightingModel=MSM_DefaultLit, BlendMode=BLEND_Opaque, SpecialEngine=0, TwoSided=1, TSNormal=1, Masked=0, Distorted=0, WritesEveryPixel=1, ModifiesMeshPosition=0, Usage={bUsedWithSkeletalMesh}"
"/Game/Alienboy/material/cap/Mat_T_Alienboy_cap2.Mat_T_Alienboy_cap2","16","0","0","36","0","Compiling Mat_T_Alienboy_cap2: Platform=SF_METAL_SM5, Usage=LightingModel=MSM_DefaultLit, BlendMode=BLEND_Opaque, SpecialEngine=0, TwoSided=1, TSNormal=1, Masked=0, Distorted=0, WritesEveryPixel=1, ModifiesMeshPosition=0, Usage={bUsedWithSkeletalMesh}"
"/Game/Alienboy/material/body/Mat_T_Alienboy_body5.Mat_T_Alienboy_body5","16","0","0","24","0","Compiling Mat_T_Alienboy_body5: Platform=SF_METAL_SM5, Usage=LightingModel=MSM_DefaultLit, BlendMode=BLEND_Opaque, SpecialEngine=0, TwoSided=0, TSNormal=1, Masked=0, Distorted=0, WritesEveryPixel=1, ModifiesMeshPosition=0, Usage={bUsedWithSkeletalMesh}"
"/Game/Alienboy/material/body/Mat_T_Alienboy_body4.Mat_T_Alienboy_body4","16","0","0","24","0","Compiling Mat_T_Alienboy_body4: Platform=SF_METAL_SM5, Usage=LightingModel=MSM_DefaultLit, BlendMode=BLEND_Opaque, SpecialEngine=0, TwoSided=0, TSNormal=1, Masked=0, Distorted=0, WritesEveryPixel=1, ModifiesMeshPosition=0, Usage={bUsedWithSkeletalMesh}"
"/Game/Alienboy/material/body/Mat_T_Alienboy_body3.Mat_T_Alienboy_body3","16","0","0","24","0","Compiling Mat_T_Alienboy_body3: Platform=SF_METAL_SM5, Usage=LightingModel=MSM_DefaultLit, BlendMode=BLEND_Opaque, SpecialEngine=0, TwoSided=0, TSNormal=1, Masked=0, Distorted=0, WritesEveryPixel=1, ModifiesMeshPosition=0, Usage={bUsedWithSkeletalMesh}"
"/Game/Alienboy/material/body/Mat_T_Alienboy_body2.Mat_T_Alienboy_body2","16","0","0","24","0","Compiling Mat_T_Alienboy_body2: Platform=SF_METAL_SM5, Usage=LightingModel=MSM_DefaultLit, BlendMode=BLEND_Opaque, SpecialEngine=0, TwoSided=0, TSNormal=1, Masked=0, Distorted=0, WritesEveryPixel=1, ModifiesMeshPosition=0, Usage={bUsedWithSkeletalMesh}"
"/Game/Alienboy/material/cross/Mat_T_Alienboy_cross5.Mat_T_Alienboy_cross5","16","0","0","24","0","Compiling Mat_T_Alienboy_cross5: Platform=SF_METAL_SM5, Usage=LightingModel=MSM_DefaultLit, BlendMode=BLEND_Opaque, SpecialEngine=0, TwoSided=0, TSNormal=1, Masked=0, Distorted=0, WritesEveryPixel=1, ModifiesMeshPosition=0, Usage={bUsedWithSkeletalMesh}"
"/Game/Alienboy/Demo/StarterContent/Materials/M_Basic_Wall.M_Basic_Wall","16","0","0","21","0","Compiling M_Basic_Wall: Platform=SF_METAL_SM5, Usage=LightingModel=MSM_DefaultLit, BlendMode=BLEND_Opaque, SpecialEngine=0, TwoSided=0, TSNormal=1, Masked=0, Distorted=0, WritesEveryPixel=1, ModifiesMeshPosition=0, Usage={bUsedWithStaticLighting}"
"/Game/Alienboy/Demo/StarterContent/Materials/M_Basic_Floor.M_Basic_Floor","16","0","0","21","0","Compiling M_Basic_Floor: Platform=SF_METAL_SM5, Usage=LightingModel=MSM_DefaultLit, BlendMode=BLEND_Opaque, SpecialEngine=0, TwoSided=0, TSNormal=1, Masked=0, Distorted=0, WritesEveryPixel=1, ModifiesMeshPosition=0, Usage={bUsedWithStaticLighting}"
"/Game/Alienboy/Demo/StarterContent/Props/Materials/M_StatueGlass.M_StatueGlass","16","0","0","42","0","Compiling M_StatueGlass: Platform=SF_METAL_SM5, Usage=LightingModel=MSM_DefaultLit, BlendMode=BLEND_Translucent, SpecialEngine=0, TwoSided=0, TSNormal=1, Masked=0, Distorted=1, WritesEveryPixel=1, ModifiesMeshPosition=0, Usage={bUsedWithStaticLighting}"
"/Game/Alienboy/Demo/StarterContent/Props/Materials/M_TableRound.M_TableRound","16","0","0","21","0","Compiling M_TableRound: Platform=SF_METAL_SM5, Usage=LightingModel=MSM_DefaultLit, BlendMode=BLEND_Opaque, SpecialEngine=0, TwoSided=0, TSNormal=1, Masked=0, Distorted=0, WritesEveryPixel=1, ModifiesMeshPosition=0, Usage={bUsedWithStaticLighting}"
"/Game/Alienboy/Demo/StarterContent/Props/Materials/M_Statue.M_Statue","16","0","0","21","0","Compiling M_Statue: Platform=SF_METAL_SM5, Usage=LightingModel=MSM_DefaultLit, BlendMode=BLEND_Opaque, SpecialEngine=0, TwoSided=0, TSNormal=1, Masked=0, Distorted=0, WritesEveryPixel=1, ModifiesMeshPosition=0, Usage={bUsedWithStaticLighting}"
"/Game/Alienboy/Demo/StarterContent/Props/Materials/M_Chair.M_Chair","16","0","0","21","0","Compiling M_Chair: Platform=SF_METAL_SM5, Usage=LightingModel=MSM_DefaultLit, BlendMode=BLEND_Opaque, SpecialEngine=0, TwoSided=0, TSNormal=1, Masked=0, Distorted=0, WritesEveryPixel=1, ModifiesMeshPosition=0, Usage={bUsedWithStaticLighting}"
"/Game/Alienboy/Demo/StarterContent/Materials/M_Metal_Copper.M_Metal_Copper","16","0","0","21","0","Compiling M_Metal_Copper: Platform=SF_METAL_SM5, Usage=LightingModel=MSM_DefaultLit, BlendMode=BLEND_Opaque, SpecialEngine=0, TwoSided=0, TSNormal=1, Masked=0, Distorted=0, WritesEveryPixel=1, ModifiesMeshPosition=0, Usage={bUsedWithStaticLighting}"
"/Game/Alienboy/Demo/StarterContent/Materials/M_Metal_Burnished_Steel.M_Metal_Burnished_Steel","16","0","0","21","0","Compiling M_Metal_Burnished_Steel: Platform=SF_METAL_SM5, Usage=LightingModel=MSM_DefaultLit, BlendMode=BLEND_Opaque, SpecialEngine=0, TwoSided=0, TSNormal=1, Masked=0, Distorted=0, WritesEveryPixel=1, ModifiesMeshPosition=0, Usage={bUsedWithStaticLighting}"
"/Game/Alienboy/Demo/StarterContent/Materials/M_Metal_Brushed_Nickel.M_Metal_Brushed_Nickel","16","0","0","21","0","Compiling M_Metal_Brushed_Nickel: Platform=SF_METAL_SM5, Usage=LightingModel=MSM_DefaultLit, BlendMode=BLEND_Opaque, SpecialEngine=0, TwoSided=0, TSNormal=1, Masked=0, Distorted=0, WritesEveryPixel=1, ModifiesMeshPosition=0, Usage={bUsedWithStaticLighting}"
"/Game/Alienboy/Demo/StarterContent/Props/Materials/M_Frame.M_Frame","16","0","0","21","0","Compiling M_Frame: Platform=SF_METAL_SM5, Usage=LightingModel=MSM_DefaultLit, BlendMode=BLEND_Opaque, SpecialEngine=0, TwoSided=0, TSNormal=1, Masked=0, Distorted=0, WritesEveryPixel=1, ModifiesMeshPosition=0, Usage={bUsedWithStaticLighting}"
"/Game/Alienboy/Demo/StarterContent/Materials/M_Glass.M_Glass","16","0","0","42","0","Compiling M_Glass: Platform=SF_METAL_SM5, Usage=LightingModel=MSM_DefaultLit, BlendMode=BLEND_Translucent, SpecialEngine=0, TwoSided=0, TSNormal=1, Masked=0, Distorted=1, WritesEveryPixel=1, ModifiesMeshPosition=0, Usage={bUsedWithStaticLighting}"
"/Game/Alienboy/Demo/StarterContent/Particles/Materials/M_Dust_Particle.M_Dust_Particle","16","0","0","112","0","Compiling M_Dust_Particle: Platform=SF_METAL_SM5, Usage=LightingModel=MSM_DefaultLit, BlendMode=BLEND_Translucent, SpecialEngine=0, TwoSided=0, TSNormal=1, Masked=0, Distorted=0, WritesEveryPixel=1, ModifiesMeshPosition=0, Usage={bUsedWithParticleSprites,bUsedWithMeshParticles}"
"/Game/Alienboy/Demo/StarterContent/Materials/M_Wood_Walnut.M_Wood_Walnut","16","0","0","21","0","Compiling M_Wood_Walnut: Platform=SF_METAL_SM5, Usage=LightingModel=MSM_DefaultLit, BlendMode=BLEND_Opaque, SpecialEngine=0, TwoSided=0, TSNormal=1, Masked=0, Distorted=0, WritesEveryPixel=1, ModifiesMeshPosition=0, Usage={bUsedWithStaticLighting}"
"/Game/Alienboy/Demo/StarterContent/Materials/M_Wood_Pine.M_Wood_Pine","16","0","0","21","0","Compiling M_Wood_Pine: Platform=SF_METAL_SM5, Usage=LightingModel=MSM_DefaultLit, BlendMode=BLEND_Opaque, SpecialEngine=0, TwoSided=0, TSNormal=1, Masked=0, Distorted=0, WritesEveryPixel=1, ModifiesMeshPosition=0, Usage={bUsedWithStaticLighting}"
"/Game/Alienboy/Demo/StarterContent/Materials/M_Wood_Oak.M_Wood_Oak","16","0","0","21","0","Compiling M_Wood_Oak: Platform=SF_METAL_SM5, Usage=LightingModel=MSM_DefaultLit, BlendMode=BLEND_Opaque, SpecialEngine=0, TwoSided=0, TSNormal=1, Masked=0, Distorted=0, WritesEveryPixel=1, ModifiesMeshPosition=0, Usage={bUsedWithStaticLighting}"
"/Game/Alienboy/Demo/StarterContent/Materials/M_Wood_Floor_Walnut_Worn.M_Wood_Floor_Walnut_Worn","16","0","0","21","0","Compiling M_Wood_Floor_Walnut_Worn: Platform=SF_METAL_SM5, Usage=LightingModel=MSM_DefaultLit, BlendMode=BLEND_Opaque, SpecialEngine=0, TwoSided=0, TSNormal=1, Masked=0, Distorted=0, WritesEveryPixel=1, ModifiesMeshPosition=0, Usage={bUsedWithStaticLighting}"
"/Game/Alienboy/Demo/StarterContent/Materials/M_Wood_Floor_Walnut_Polished.M_Wood_Floor_Walnut_Polished","16","0","0","21","0","Compiling M_Wood_Floor_Walnut_Polished: Platform=SF_METAL_SM5, Usage=LightingModel=MSM_DefaultLit, BlendMode=BLEND_Opaque, SpecialEngine=0, TwoSided=0, TSNormal=1, Masked=0, Distorted=0, WritesEveryPixel=1, ModifiesMeshPosition=0, Usage={bUsedWithStaticLighting}"
"/Game/Alienboy/Demo/StarterContent/Materials/M_Water_Ocean.M_Water_Ocean","16","0","0","21","0","Compiling M_Water_Ocean: Platform=SF_METAL_SM5, Usage=LightingModel=MSM_DefaultLit, BlendMode=BLEND_Opaque, SpecialEngine=0, TwoSided=0, TSNormal=1, Masked=0, Distorted=0, WritesEveryPixel=1, ModifiesMeshPosition=0, Usage={bUsedWithStaticLighting}"
"/Game/Alienboy/Demo/StarterContent/Materials/M_Water_Lake.M_Water_Lake","16","0","0","21","0","Compiling M_Water_Lake: Platform=SF_METAL_SM5, Usage=LightingModel=MSM_DefaultLit, BlendMode=BLEND_Opaque, SpecialEngine=0, TwoSided=0, TSNormal=1, Masked=0, Distorted=0, WritesEveryPixel=1, ModifiesMeshPosition=0, Usage={bUsedWithStaticLighting}"
"/Game/Alienboy/Demo/StarterContent/Materials/M_Tech_Panel.M_Tech_Panel","16","0","0","21","0","Compiling M_Tech_Panel: Platform=SF_METAL_SM5, Usage=LightingModel=MSM_DefaultLit, BlendMode=BLEND_Opaque, SpecialEngine=0, TwoSided=0, TSNormal=1, Masked=0, Distorted=0, WritesEveryPixel=1, ModifiesMeshPosition=0, Usage={bUsedWithStaticLighting}"
"/Game/Alienboy/Demo/StarterContent/Materials/M_Tech_Hex_Tile_Pulse.M_Tech_Hex_Tile_Pulse","16","0","0","21","0","Compiling M_Tech_Hex_Tile_Pulse: Platform=SF_METAL_SM5, Usage=LightingModel=MSM_DefaultLit, BlendMode=BLEND_Opaque, SpecialEngine=0, TwoSided=0, TSNormal=1, Masked=0, Distorted=0, WritesEveryPixel=1, ModifiesMeshPosition=0, Usage={bUsedWithStaticLighting}"
"/Game/Alienboy/Demo/StarterContent/Materials/M_Tech_Hex_Tile.M_Tech_Hex_Tile","16","0","0","21","0","Compiling M_Tech_Hex_Tile: Platform=SF_METAL_SM5, Usage=LightingModel=MSM_DefaultLit, BlendMode=BLEND_Opaque, SpecialEngine=0, TwoSided=0, TSNormal=1, Masked=0, Distorted=0, WritesEveryPixel=1, ModifiesMeshPosition=0, Usage={bUsedWithStaticLighting}"
"/Game/Alienboy/Demo/StarterContent/Materials/M_Tech_Checker_Dot.M_Tech_Checker_Dot","16","0","0","21","0","Compiling M_Tech_Checker_Dot: Platform=SF_METAL_SM5, Usage=LightingModel=MSM_DefaultLit, BlendMode=BLEND_Opaque, SpecialEngine=0, TwoSided=0, TSNormal=1, Masked=0, Distorted=0, WritesEveryPixel=1, ModifiesMeshPosition=0, Usage={bUsedWithStaticLighting}"
"/Game/Alienboy/Demo/StarterContent/Materials/M_Rock_Slate.M_Rock_Slate","16","0","0","21","0","Compiling M_Rock_Slate: Platform=SF_METAL_SM5, Usage=LightingModel=MSM_DefaultLit, BlendMode=BLEND_Opaque, SpecialEngine=0, TwoSided=0, TSNormal=1, Masked=0, Distorted=0, WritesEveryPixel=1, ModifiesMeshPosition=0, Usage={bUsedWithStaticLighting}"
"/Game/Alienboy/Demo/StarterContent/Materials/M_Rock_Sandstone.M_Rock_Sandstone","16","0","0","21","0","Compiling M_Rock_Sandstone: Platform=SF_METAL_SM5, Usage=LightingModel=MSM_DefaultLit, BlendMode=BLEND_Opaque, SpecialEngine=0, TwoSided=0, TSNormal=1, Masked=0, Distorted=0, WritesEveryPixel=1, ModifiesMeshPosition=0, Usage={bUsedWithStaticLighting}"
"/Game/Alienboy/Demo/StarterContent/Materials/M_Rock_Marble_Polished.M_Rock_Marble_Polished","16","0","0","21","0","Compiling M_Rock_Marble_Polished: Platform=SF_METAL_SM5, Usage=LightingModel=MSM_DefaultLit, BlendMode=BLEND_Opaque, SpecialEngine=0, TwoSided=0, TSNormal=1, Masked=0, Distorted=0, WritesEveryPixel=1, ModifiesMeshPosition=0, Usage={bUsedWithStaticLighting}"
"/Game/Alienboy/Demo/StarterContent/Materials/M_Rock_Basalt.M_Rock_Basalt","16","0","0","21","0","Compiling M_Rock_Basalt: Platform=SF_METAL_SM5, Usage=LightingModel=MSM_DefaultLit, BlendMode=BLEND_Opaque, SpecialEngine=0, TwoSided=0, TSNormal=1, Masked=0, Distorted=0, WritesEveryPixel=1, ModifiesMeshPosition=0, Usage={bUsedWithStaticLighting}"
"/Game/Alienboy/Demo/StarterContent/Materials/M_Metal_Steel.M_Metal_Steel","16","0","0","21","0","Compiling M_Metal_Steel: Platform=SF_METAL_SM5, Usage=LightingModel=MSM_DefaultLit, BlendMode=BLEND_Opaque, SpecialEngine=0, TwoSided=0, TSNormal=1, Masked=0, Distorted=0, WritesEveryPixel=1, ModifiesMeshPosition=0, Usage={bUsedWithStaticLighting}"
"/Game/Alienboy/Demo/StarterContent/Materials/M_Metal_Rust.M_Metal_Rust","16","0","0","21","0","Compiling M_Metal_Rust: Platform=SF_METAL_SM5, Usage=LightingModel=MSM_DefaultLit, BlendMode=BLEND_Opaque, SpecialEngine=0, TwoSided=0, TSNormal=1, Masked=0, Distorted=0, WritesEveryPixel=1, ModifiesMeshPosition=0, Usage={bUsedWithStaticLighting}"
"/Game/Alienboy/Demo/StarterContent/Materials/M_Metal_Gold.M_Metal_Gold","16","0","0","21","0","Compiling M_Metal_Gold: Platform=SF_METAL_SM5, Usage=LightingModel=MSM_DefaultLit, BlendMode=BLEND_Opaque, SpecialEngine=0, TwoSided=0, TSNormal=1, Masked=0, Distorted=0, WritesEveryPixel=1, ModifiesMeshPosition=0, Usage={bUsedWithStaticLighting}"
"/Game/Alienboy/Demo/StarterContent/Materials/M_Metal_Chrome.M_Metal_Chrome","16","0","0","21","0","Compiling M_Metal_Chrome: Platform=SF_METAL_SM5, Usage=LightingModel=MSM_DefaultLit, BlendMode=BLEND_Opaque, SpecialEngine=0, TwoSided=0, TSNormal=1, Masked=0, Distorted=0, WritesEveryPixel=1, ModifiesMeshPosition=0, Usage={bUsedWithStaticLighting}"
"/Game/Alienboy/Demo/StarterContent/Materials/M_Ground_Moss.M_Ground_Moss","16","0","0","21","0","Compiling M_Ground_Moss: Platform=SF_METAL_SM5, Usage=LightingModel=MSM_DefaultLit, BlendMode=BLEND_Opaque, SpecialEngine=0, TwoSided=0, TSNormal=1, Masked=0, Distorted=0, WritesEveryPixel=1, ModifiesMeshPosition=0, Usage={bUsedWithStaticLighting}"
"/Game/Alienboy/Demo/StarterContent/Materials/M_Ground_Gravel.M_Ground_Gravel","16","0","0","21","0","Compiling M_Ground_Gravel: Platform=SF_METAL_SM5, Usage=LightingModel=MSM_DefaultLit, BlendMode=BLEND_Opaque, SpecialEngine=0, TwoSided=0, TSNormal=1, Masked=0, Distorted=0, WritesEveryPixel=1, ModifiesMeshPosition=0, Usage={bUsedWithStaticLighting}"
"/Game/Alienboy/Demo/StarterContent/Materials/M_Ground_Grass.M_Ground_Grass","16","0","0","21","0","Compiling M_Ground_Grass: Platform=SF_METAL_SM5, Usage=LightingModel=MSM_DefaultLit, BlendMode=BLEND_Opaque, SpecialEngine=0, TwoSided=0, TSNormal=1, Masked=0, Distorted=0, WritesEveryPixel=1, ModifiesMeshPosition=0, Usage={bUsedWithStaticLighting}"
"/Game/Alienboy/Demo/StarterContent/Materials/M_Concrete_Tiles.M_Concrete_Tiles","16","0","0","21","0","Compiling M_Concrete_Tiles: Platform=SF_METAL_SM5, Usage=LightingModel=MSM_DefaultLit, BlendMode=BLEND_Opaque, SpecialEngine=0, TwoSided=0, TSNormal=1, Masked=0, Distorted=0, WritesEveryPixel=1, ModifiesMeshPosition=0, Usage={bUsedWithStaticLighting}"
"/Game/Alienboy/Demo/StarterContent/Materials/M_Concrete_Poured.M_Concrete_Poured","16","0","0","21","0","Compiling M_Concrete_Poured: Platform=SF_METAL_SM5, Usage=LightingModel=MSM_DefaultLit, BlendMode=BLEND_Opaque, SpecialEngine=0, TwoSided=0, TSNormal=1, Masked=0, Distorted=0, WritesEveryPixel=1, ModifiesMeshPosition=0, Usage={bUsedWithStaticLighting}"
"/Game/Alienboy/Demo/StarterContent/Materials/M_Concrete_Panels.M_Concrete_Panels","16","0","0","21","0","Compiling M_Concrete_Panels: Platform=SF_METAL_SM5, Usage=LightingModel=MSM_DefaultLit, BlendMode=BLEND_Opaque, SpecialEngine=0, TwoSided=0, TSNormal=1, Masked=0, Distorted=0, WritesEveryPixel=1, ModifiesMeshPosition=0, Usage={bUsedWithStaticLighting}"
"/Game/Alienboy/Demo/StarterContent/Materials/M_Concrete_Grime.M_Concrete_Grime","16","0","0","21","0","Compiling M_Concrete_Grime: Platform=SF_METAL_SM5, Usage=LightingModel=MSM_DefaultLit, BlendMode=BLEND_Opaque, SpecialEngine=0, TwoSided=0, TSNormal=1, Masked=0, Distorted=0, WritesEveryPixel=1, ModifiesMeshPosition=0, Usage={bUsedWithStaticLighting}"
"/Game/Alienboy/Demo/StarterContent/Materials/M_CobbleStone_Smooth.M_CobbleStone_Smooth","16","0","0","21","0","Compiling M_CobbleStone_Smooth: Platform=SF_METAL_SM5, Usage=LightingModel=MSM_DefaultLit, BlendMode=BLEND_Opaque, SpecialEngine=0, TwoSided=0, TSNormal=1, Masked=0, Distorted=0, WritesEveryPixel=1, ModifiesMeshPosition=0, Usage={bUsedWithStaticLighting}"
"/Game/Alienboy/Demo/StarterContent/Materials/M_CobbleStone_Rough.M_CobbleStone_Rough","16","0","0","21","0","Compiling M_CobbleStone_Rough: Platform=SF_METAL_SM5, Usage=LightingModel=MSM_DefaultLit, BlendMode=BLEND_Opaque, SpecialEngine=0, TwoSided=0, TSNormal=1, Masked=0, Distorted=0, WritesEveryPixel=1, ModifiesMeshPosition=0, Usage={bUsedWithStaticLighting}"
"/Game/Alienboy/Demo/StarterContent/Materials/M_CobbleStone_Pebble.M_CobbleStone_Pebble","16","0","0","21","0","Compiling M_CobbleStone_Pebble: Platform=SF_METAL_SM5, Usage=LightingModel=MSM_DefaultLit, BlendMode=BLEND_Opaque, SpecialEngine=0, TwoSided=0, TSNormal=1, Masked=0, Distorted=0, WritesEveryPixel=1, ModifiesMeshPosition=0, Usage={bUsedWithStaticLighting}"
"/Game/Alienboy/Demo/StarterContent/Materials/M_Ceramic_Tile_Checker.M_Ceramic_Tile_Checker","16","0","0","21","0","Compiling M_Ceramic_Tile_Checker: Platform=SF_METAL_SM5, Usage=LightingModel=MSM_DefaultLit, BlendMode=BLEND_Opaque, SpecialEngine=0, TwoSided=0, TSNormal=1, Masked=0, Distorted=0, WritesEveryPixel=1, ModifiesMeshPosition=0, Usage={bUsedWithStaticLighting}"
"/Game/Alienboy/Demo/StarterContent/Materials/M_Brick_Hewn_Stone.M_Brick_Hewn_Stone","16","0","0","21","0","Compiling M_Brick_Hewn_Stone: Platform=SF_METAL_SM5, Usage=LightingModel=MSM_DefaultLit, BlendMode=BLEND_Opaque, SpecialEngine=0, TwoSided=0, TSNormal=1, Masked=0, Distorted=0, WritesEveryPixel=1, ModifiesMeshPosition=0, Usage={bUsedWithStaticLighting}"
"/Game/Alienboy/Demo/StarterContent/Materials/M_Brick_Cut_Stone.M_Brick_Cut_Stone","16","0","0","21","0","Compiling M_Brick_Cut_Stone: Platform=SF_METAL_SM5, Usage=LightingModel=MSM_DefaultLit, BlendMode=BLEND_Opaque, SpecialEngine=0, TwoSided=0, TSNormal=1, Masked=0, Distorted=0, WritesEveryPixel=1, ModifiesMeshPosition=0, Usage={bUsedWithStaticLighting}"
"/Game/Alienboy/Demo/StarterContent/Materials/M_Brick_Clay_Old.M_Brick_Clay_Old","16","0","0","21","0","Compiling M_Brick_Clay_Old: Platform=SF_METAL_SM5, Usage=LightingModel=MSM_DefaultLit, BlendMode=BLEND_Opaque, SpecialEngine=0, TwoSided=0, TSNormal=1, Masked=0, Distorted=0, WritesEveryPixel=1, ModifiesMeshPosition=0, Usage={bUsedWithStaticLighting}"
"/Game/Alienboy/Demo/StarterContent/Materials/M_Brick_Clay_New.M_Brick_Clay_New","16","0","0","21","0","Compiling M_Brick_Clay_New: Platform=SF_METAL_SM5, Usage=LightingModel=MSM_DefaultLit, BlendMode=BLEND_Opaque, SpecialEngine=0, TwoSided=0, TSNormal=1, Masked=0, Distorted=0, WritesEveryPixel=1, ModifiesMeshPosition=0, Usage={bUsedWithStaticLighting}"
"/Game/Alienboy/Demo/StarterContent/Materials/M_Brick_Clay_Beveled.M_Brick_Clay_Beveled","16","0","0","21","0","Compiling M_Brick_Clay_Beveled: Platform=SF_METAL_SM5, Usage=LightingModel=MSM_DefaultLit, BlendMode=BLEND_Opaque, SpecialEngine=0, TwoSided=0, TSNormal=1, Masked=0, Distorted=0, WritesEveryPixel=1, ModifiesMeshPosition=0, Usage={bUsedWithStaticLighting}"
"/Game/Alienboy/Demo/StarterContent/Props/Materials/M_Lamp.M_Lamp","16","0","0","21","0","Compiling M_Lamp: Platform=SF_METAL_SM5, Usage=LightingModel=MSM_DefaultLit, BlendMode=BLEND_Opaque, SpecialEngine=0, TwoSided=0, TSNormal=1, Masked=0, Distorted=0, WritesEveryPixel=1, ModifiesMeshPosition=0, Usage={bUsedWithStaticLighting}"
"/Game/Alienboy/Demo/StarterContent/Particles/Materials/M_smoke_subUV.M_smoke_subUV","16","0","0","84","0","Compiling M_smoke_subUV: Platform=SF_METAL_SM5, Usage=LightingModel=MSM_DefaultLit, BlendMode=BLEND_Translucent, SpecialEngine=0, TwoSided=0, TSNormal=1, Masked=0, Distorted=0, WritesEveryPixel=1, ModifiesMeshPosition=0, Usage={bUsedWithParticleSprites}"
"/Game/Alienboy/Demo/StarterContent/Particles/Materials/M_Spark.M_Spark","16","0","0","24","0","Compiling M_Spark: Platform=SF_METAL_SM5, Usage=LightingModel=MSM_Unlit, BlendMode=BLEND_Additive, SpecialEngine=0, TwoSided=0, TSNormal=1, Masked=0, Distorted=0, WritesEveryPixel=1, ModifiesMeshPosition=0, Usage={bUsedWithParticleSprites}"
"/Game/Alienboy/Demo/StarterContent/Particles/Materials/M_Radial_Gradient.M_Radial_Gradient","16","0","0","32","0","Compiling M_Radial_Gradient: Platform=SF_METAL_SM5, Usage=LightingModel=MSM_Unlit, BlendMode=BLEND_Translucent, SpecialEngine=0, TwoSided=0, TSNormal=1, Masked=0, Distorted=0, WritesEveryPixel=1, ModifiesMeshPosition=0, Usage={bUsedWithParticleSprites,bUsedWithBeamTrails}"
"/Game/Alienboy/Demo/StarterContent/Particles/Materials/M_Heat_Distortion.M_Heat_Distortion","16","0","0","36","0","Compiling M_Heat_Distortion: Platform=SF_METAL_SM5, Usage=LightingModel=MSM_Unlit, BlendMode=BLEND_Translucent, SpecialEngine=0, TwoSided=1, TSNormal=1, Masked=0, Distorted=1, WritesEveryPixel=1, ModifiesMeshPosition=0, Usage={bUsedWithParticleSprites}"
"/Game/Alienboy/Demo/StarterContent/Particles/Materials/M_Fire_SubUV.M_Fire_SubUV","16","0","0","24","0","Compiling M_Fire_SubUV: Platform=SF_METAL_SM5, Usage=LightingModel=MSM_Unlit, BlendMode=BLEND_Translucent, SpecialEngine=0, TwoSided=0, TSNormal=1, Masked=0, Distorted=0, WritesEveryPixel=1, ModifiesMeshPosition=0, Usage={bUsedWithParticleSprites}"
"/Engine/EngineMaterials/AntiAliasedTextMaterialTranslucent.AntiAliasedTextMaterialTranslucent","16","0","0","30","0","Compiling AntiAliasedTextMaterialTranslucent: Platform=SF_METAL_SM5, Usage=LightingModel=MSM_DefaultLit, BlendMode=BLEND_Translucent, SpecialEngine=0, TwoSided=1, TSNormal=1, Masked=0, Distorted=0, WritesEveryPixel=1, ModifiesMeshPosition=0, Usage={}"
"/Game/Alienboy/Demo/StarterContent/Materials/M_AssetPlatform.M_AssetPlatform","16","0","0","21","0","Compiling M_AssetPlatform: Platform=SF_METAL_SM5, Usage=LightingModel=MSM_DefaultLit, BlendMode=BLEND_Opaque, SpecialEngine=0, TwoSided=0, TSNormal=1, Masked=0, Distorted=0, WritesEveryPixel=1, ModifiesMeshPosition=0, Usage={bUsedWithStaticLighting}"
"/Engine/EditorMeshes/ColorCalibrator/M_ColorGrid.M_ColorGrid","16","0","0","21","0","Compiling M_ColorGrid: Platform=SF_METAL_SM5, Usage=LightingModel=MSM_DefaultLit, BlendMode=BLEND_Opaque, SpecialEngine=0, TwoSided=0, TSNormal=1, Masked=0, Distorted=0, WritesEveryPixel=1, ModifiesMeshPosition=0, Usage={bUsedWithStaticLighting}"
"/Engine/EditorMeshes/ColorCalibrator/M_ClearCoat.M_ClearCoat","16","0","0","21","0","Compiling M_ClearCoat: Platform=SF_METAL_SM5, Usage=LightingModel=MSM_ClearCoat, BlendMode=BLEND_Opaque, SpecialEngine=0, TwoSided=0, TSNormal=1, Masked=0, Distorted=0, WritesEveryPixel=1, ModifiesMeshPosition=0, Usage={bUsedWithStaticLighting}"
"/Engine/EditorMeshes/ColorCalibrator/M_ChromeBall.M_ChromeBall","16","0","0","33","0","Compiling M_ChromeBall: Platform=SF_METAL_SM5, Usage=LightingModel=MSM_DefaultLit, BlendMode=BLEND_Opaque, SpecialEngine=0, TwoSided=0, TSNormal=1, Masked=0, Distorted=0, WritesEveryPixel=1, ModifiesMeshPosition=0, Usage={bUsedWithSkeletalMesh,bUsedWithStaticLighting}"
"/Engine/EditorMeshes/ColorCalibrator/M_GreyBall.M_GreyBall","16","0","0","21","0","Compiling M_GreyBall: Platform=SF_METAL_SM5, Usage=LightingModel=MSM_DefaultLit, BlendMode=BLEND_Opaque, SpecialEngine=0, TwoSided=0, TSNormal=1, Masked=0, Distorted=0, WritesEveryPixel=1, ModifiesMeshPosition=0, Usage={bUsedWithStaticLighting}"
"/Engine/EditorMeshes/ColorCalibrator/M_ClearCoatBlack.M_ClearCoatBlack","16","0","0","21","0","Compiling M_ClearCoatBlack: Platform=SF_METAL_SM5, Usage=LightingModel=MSM_DefaultLit, BlendMode=BLEND_Opaque, SpecialEngine=0, TwoSided=0, TSNormal=1, Masked=0, Distorted=0, WritesEveryPixel=1, ModifiesMeshPosition=0, Usage={bUsedWithStaticLighting}"
"/Game/Alienboy/Demo/StarterContent/Blueprints/Assets/M_LightStage_Skybox_Master.M_LightStage_Skybox_Master","16","0","0","2","0","Compiling M_LightStage_Skybox_Master: Platform=SF_METAL_SM5, Usage=LightingModel=MSM_Unlit, BlendMode=BLEND_Opaque, SpecialEngine=0, TwoSided=0, TSNormal=1, Masked=0, Distorted=0, WritesEveryPixel=1, ModifiesMeshPosition=0, Usage={bUsedWithStaticLighting}"
"/Game/Alienboy/Demo/StarterContent/Blueprints/Assets/M_LightStage_Skybox_Master.M_LightStage_Skybox_Master","16","0","0","2","0","Compiling M_LightStage_Skybox_Master: Platform=SF_METAL_SM5, Usage=LightingModel=MSM_Unlit, BlendMode=BLEND_Opaque, SpecialEngine=0, TwoSided=0, TSNormal=1, Masked=0, Distorted=0, WritesEveryPixel=1, ModifiesMeshPosition=0, Usage={bUsedWithStaticLighting}, StaticSwitch'HDRI2-1'=True"
"/Game/Alienboy/Demo/StarterContent/Blueprints/Assets/M_LightStage_Arrows.M_LightStage_Arrows","16","0","0","2","0","Compiling M_LightStage_Arrows: Platform=SF_METAL_SM5, Usage=LightingModel=MSM_Unlit, BlendMode=BLEND_Opaque, SpecialEngine=0, TwoSided=0, TSNormal=1, Masked=0, Distorted=0, WritesEveryPixel=1, ModifiesMeshPosition=0, Usage={}"
"/Engine/EditorMaterials/Thumbnails/SkySphereMaterial.SkySphereMaterial","16","0","0","2","0","Compiling SkySphereMaterial: Platform=SF_METAL_SM5, Usage=LightingModel=MSM_Unlit, BlendMode=BLEND_Opaque, SpecialEngine=0, TwoSided=0, TSNormal=1, Masked=0, Distorted=0, WritesEveryPixel=1, ModifiesMeshPosition=0, Usage={bUsedWithStaticLighting}"
"/Game/Geometry/Meshes/CubeMaterial.CubeMaterial","16","0","0","21","0","Compiling CubeMaterial: Platform=SF_METAL_SM5, Usage=LightingModel=MSM_DefaultLit, BlendMode=BLEND_Opaque, SpecialEngine=0, TwoSided=0, TSNormal=1, Masked=0, Distorted=0, WritesEveryPixel=1, ModifiesMeshPosition=0, Usage={bUsedWithStaticLighting}"
"/Game/FirstPerson/Meshes/BaseMaterial.BaseMaterial","16","0","0","33","33","Compiling BaseMaterial: Platform=SF_METAL_SM5, Usage=LightingModel=MSM_DefaultLit, BlendMode=BLEND_Opaque, SpecialEngine=0, TwoSided=0, TSNormal=1, Masked=0, Distorted=0, WritesEveryPixel=1, ModifiesMeshPosition=0, Usage={bUsedWithSkeletalMesh,bUsedWithStaticLighting}"
"/Game/FPWeapon/Materials/M_FPGun.M_FPGun","16","0","0","76","0","Compiling M_FPGun: Platform=SF_METAL_SM5, Usage=LightingModel=MSM_DefaultLit, BlendMode=BLEND_Masked, SpecialEngine=0, TwoSided=0, TSNormal=1, Masked=1, Distorted=0, WritesEveryPixel=0, ModifiesMeshPosition=1, Usage={bUsedWithSkeletalMesh}"
"/Game/FirstPerson/Character/Materials/M_UE4Man_Body.M_UE4Man_Body","16","0","0","76","0","Compiling M_UE4Man_Body: Platform=SF_METAL_SM5, Usage=LightingModel=MSM_DefaultLit, BlendMode=BLEND_Masked, SpecialEngine=0, TwoSided=0, TSNormal=1, Masked=1, Distorted=0, WritesEveryPixel=0, ModifiesMeshPosition=1, Usage={bUsedWithSkeletalMesh}"
"/Water/Materials/WaterSurface/Water_Material.Water_Material","16","0","0","170","0","Compiling Water_Material: Platform=SF_METAL_SM5, Usage=LightingModel=MSM_SingleLayerWater, BlendMode=BLEND_Masked, SpecialEngine=0, TwoSided=1, TSNormal=1, Masked=1, Distorted=0, WritesEveryPixel=0, ModifiesMeshPosition=1, Usage={bUsedWithStaticLighting,bUsedWithSplineMeshes,bUsedWithInstancedStaticMeshes,bUsedWithWater}"
"/Water/Materials/WaterSurface/Water_Material.Water_Material","16","0","0","170","0","Compiling Water_Material: Platform=SF_METAL_SM5, Usage=LightingModel=MSM_SingleLayerWater, BlendMode=BLEND_Masked, SpecialEngine=0, TwoSided=1, TSNormal=1, Masked=1, Distorted=0, WritesEveryPixel=0, ModifiesMeshPosition=1, Usage={bUsedWithStaticLighting,bUsedWithSplineMeshes,bUsedWithInstancedStaticMeshes,bUsedWithWater}, StaticSwitch'Caustics2-1'=False, StaticSwitch'Caustics Use Manual Water Body Index2-1'=False, StaticSwitch'Enable Lake Transition2-1'=False, StaticSwitch'Enable Ocean Foam2-1'=False, StaticSwitch'Enable Ocean Transition2-1'=False, StaticSwitch'Enable River2-1'=False, StaticSwitch'Enable Water VS Mapping2-1'=False, StaticSwitch'Enable Waves2-1'=True, StaticSwitch'Fluidsim Use Custom DistanceField2-1'=False, StaticSwitch'Show FluidSim Debug Bounds2-1'=False, StaticSwitch'UseScalarWaterBodyIndex2-1'=True"
"/Game/Charaters/Michelle_4/Ch03_Body.Ch03_Body","16","0","0","24","0","Compiling Ch03_Body: Platform=SF_METAL_SM5, Usage=LightingModel=MSM_DefaultLit, BlendMode=BLEND_Opaque, SpecialEngine=0, TwoSided=0, TSNormal=1, Masked=0, Distorted=0, WritesEveryPixel=1, ModifiesMeshPosition=0, Usage={bUsedWithSkeletalMesh}"
"/Game/DodgeBallz/Dodgball_01/Dodgball01_lambert2.Dodgball01_lambert2","16","0","0","12","0","Compiling Dodgball01_lambert2: Platform=SF_METAL_SM5, Usage=LightingModel=MSM_DefaultLit, BlendMode=BLEND_Opaque, SpecialEngine=0, TwoSided=0, TSNormal=1, Masked=0, Distorted=0, WritesEveryPixel=1, ModifiesMeshPosition=0, Usage={}"
"/Game/Geometry/Flag/Pole.Pole","16","0","0","24","0","Compiling Pole: Platform=SF_METAL_SM5, Usage=LightingModel=MSM_DefaultLit, BlendMode=BLEND_Opaque, SpecialEngine=0, TwoSided=0, TSNormal=1, Masked=0, Distorted=0, WritesEveryPixel=1, ModifiesMeshPosition=0, Usage={bUsedWithSkeletalMesh}"
"/Game/Geometry/Flag/flag_cloth.flag_cloth","16","0","0","72","0","Compiling flag_cloth: Platform=SF_METAL_SM5, Usage=LightingModel=MSM_DefaultLit, BlendMode=BLEND_Opaque, SpecialEngine=0, TwoSided=1, TSNormal=1, Masked=0, Distorted=0, WritesEveryPixel=1, ModifiesMeshPosition=0, Usage={bUsedWithSkeletalMesh,bUsedWithClothing}"
"/Water/Materials/PostProcessing/M_UnderWater_PostProcess_Volume.M_UnderWater_PostProcess_Volume","16","0","0","12","0","Compiling M_UnderWater_PostProcess_Volume: Platform=SF_METAL_SM5, Usage=LightingModel=MSM_Unlit, BlendMode=BLEND_Translucent, SpecialEngine=0, TwoSided=1, TSNormal=1, Masked=0, Distorted=0, WritesEveryPixel=1, ModifiesMeshPosition=0, Usage={}"
"/Game/Enemy_AI/blinn2.blinn2","16","0","0","12","0","Compiling blinn2: Platform=SF_METAL_SM5, Usage=LightingModel=MSM_DefaultLit, BlendMode=BLEND_Opaque, SpecialEngine=0, TwoSided=0, TSNormal=1, Masked=0, Distorted=0, WritesEveryPixel=1, ModifiesMeshPosition=0, Usage={}"
"/Game/Enemy_AI/blinn1.blinn1","16","0","0","12","0","Compiling blinn1: Platform=SF_METAL_SM5, Usage=LightingModel=MSM_DefaultLit, BlendMode=BLEND_Opaque, SpecialEngine=0, TwoSided=0, TSNormal=1, Masked=0, Distorted=0, WritesEveryPixel=1, ModifiesMeshPosition=0, Usage={}"
"/Game/DodgeBallz/blinn3.blinn3","16","0","0","12","0","Compiling blinn3: Platform=SF_METAL_SM5, Usage=LightingModel=MSM_DefaultLit, BlendMode=BLEND_Opaque, SpecialEngine=0, TwoSided=0, TSNormal=1, Masked=0, Distorted=0, WritesEveryPixel=1, ModifiesMeshPosition=0, Usage={}"
"/Game/DodgeBallz/blinn2.blinn2","16","0","0","12","0","Compiling blinn2: Platform=SF_METAL_SM5, Usage=LightingModel=MSM_DefaultLit, BlendMode=BLEND_Opaque, SpecialEngine=0, TwoSided=0, TSNormal=1, Masked=0, Distorted=0, WritesEveryPixel=1, ModifiesMeshPosition=0, Usage={}"
"/Game/DodgeBallz/lambert3.lambert3","16","0","0","12","0","Compiling lambert3: Platform=SF_METAL_SM5, Usage=LightingModel=MSM_DefaultLit, BlendMode=BLEND_Opaque, SpecialEngine=0, TwoSided=0, TSNormal=1, Masked=0, Distorted=0, WritesEveryPixel=1, ModifiesMeshPosition=0, Usage={}"
"/Game/DodgeBallz/lambert4.lambert4","16","0","0","12","0","Compiling lambert4: Platform=SF_METAL_SM5, Usage=LightingModel=MSM_DefaultLit, BlendMode=BLEND_Opaque, SpecialEngine=0, TwoSided=0, TSNormal=1, Masked=0, Distorted=0, WritesEveryPixel=1, ModifiesMeshPosition=0, Usage={}"
"/Game/DodgeBallz/blinn1.blinn1","16","0","0","12","0","Compiling blinn1: Platform=SF_METAL_SM5, Usage=LightingModel=MSM_DefaultLit, BlendMode=BLEND_Opaque, SpecialEngine=0, TwoSided=0, TSNormal=1, Masked=0, Distorted=0, WritesEveryPixel=1, ModifiesMeshPosition=0, Usage={}"
"/Game/DodgeBallz/blinn4.blinn4","16","0","0","21","0","Compiling blinn4: Platform=SF_METAL_SM5, Usage=LightingModel=MSM_DefaultLit, BlendMode=BLEND_Opaque, SpecialEngine=0, TwoSided=0, TSNormal=1, Masked=0, Distorted=0, WritesEveryPixel=1, ModifiesMeshPosition=0, Usage={bUsedWithStaticLighting}"
"/Game/Cloud_Stuff/fog_cloud_MAT.fog_cloud_MAT","16","0","0","162","0","Compiling fog_cloud_MAT: Platform=SF_METAL_SM5, Usage=LightingModel=MSM_DefaultLit, BlendMode=BLEND_Additive, SpecialEngine=0, TwoSided=0, TSNormal=1, Masked=0, Distorted=0, WritesEveryPixel=1, ModifiesMeshPosition=0, Usage={bUsedWithParticleSprites,bUsedWithStaticLighting}"
"/Game/Charaters/Jolleen_34/phong1.phong1","16","0","0","24","0","Compiling phong1: Platform=SF_METAL_SM5, Usage=LightingModel=MSM_DefaultLit, BlendMode=BLEND_Opaque, SpecialEngine=0, TwoSided=0, TSNormal=1, Masked=0, Distorted=0, WritesEveryPixel=1, ModifiesMeshPosition=0, Usage={bUsedWithSkeletalMesh}"
"/Game/Charaters/Jackie_29/Ch29_Body.Ch29_Body","16","0","0","56","0","Compiling Ch29_Body: Platform=SF_METAL_SM5, Usage=LightingModel=MSM_DefaultLit, BlendMode=BLEND_Translucent, SpecialEngine=0, TwoSided=0, TSNormal=1, Masked=0, Distorted=0, WritesEveryPixel=1, ModifiesMeshPosition=0, Usage={bUsedWithSkeletalMesh}"
"/Game/Charaters/Amy_46/Ch46_body.Ch46_body","16","0","0","24","0","Compiling Ch46_body: Platform=SF_METAL_SM5, Usage=LightingModel=MSM_DefaultLit, BlendMode=BLEND_Opaque, SpecialEngine=0, TwoSided=0, TSNormal=1, Masked=0, Distorted=0, WritesEveryPixel=1, ModifiesMeshPosition=0, Usage={bUsedWithSkeletalMesh}"
"/Game/Charaters/Mousey/Ch14_Body.Ch14_Body","16","0","0","24","0","Compiling Ch14_Body: Platform=SF_METAL_SM5, Usage=LightingModel=MSM_DefaultLit, BlendMode=BLEND_Opaque, SpecialEngine=0, TwoSided=0, TSNormal=1, Masked=0, Distorted=0, WritesEveryPixel=1, ModifiesMeshPosition=0, Usage={bUsedWithSkeletalMesh}"
"/Game/Charaters/Mannaquin/Ch36_Body.Ch36_Body","16","0","0","24","0","Compiling Ch36_Body: Platform=SF_METAL_SM5, Usage=LightingModel=MSM_DefaultLit, BlendMode=BLEND_Opaque, SpecialEngine=0, TwoSided=0, TSNormal=1, Masked=0, Distorted=0, WritesEveryPixel=1, ModifiesMeshPosition=0, Usage={bUsedWithSkeletalMesh}"
"/Game/Charaters/Ortiz/Ch43_Body.Ch43_Body","16","0","0","24","0","Compiling Ch43_Body: Platform=SF_METAL_SM5, Usage=LightingModel=MSM_DefaultLit, BlendMode=BLEND_Opaque, SpecialEngine=0, TwoSided=0, TSNormal=1, Masked=0, Distorted=0, WritesEveryPixel=1, ModifiesMeshPosition=0, Usage={bUsedWithSkeletalMesh}"
"/Game/Geometry/Flag/lambert4.lambert4","16","0","0","24","0","Compiling lambert4: Platform=SF_METAL_SM5, Usage=LightingModel=MSM_DefaultLit, BlendMode=BLEND_Opaque, SpecialEngine=0, TwoSided=0, TSNormal=1, Masked=0, Distorted=0, WritesEveryPixel=1, ModifiesMeshPosition=0, Usage={bUsedWithSkeletalMesh}"
"/Game/Geometry/Flag/lambert5.lambert5","16","0","0","24","0","Compiling lambert5: Platform=SF_METAL_SM5, Usage=LightingModel=MSM_DefaultLit, BlendMode=BLEND_Opaque, SpecialEngine=0, TwoSided=0, TSNormal=1, Masked=0, Distorted=0, WritesEveryPixel=1, ModifiesMeshPosition=0, Usage={bUsedWithSkeletalMesh}"
"/Game/ThirdPerson/Meshes/RampMaterial.RampMaterial","16","0","0","21","0","Compiling RampMaterial: Platform=SF_METAL_SM5, Usage=LightingModel=MSM_DefaultLit, BlendMode=BLEND_Opaque, SpecialEngine=0, TwoSided=0, TSNormal=1, Masked=0, Distorted=0, WritesEveryPixel=1, ModifiesMeshPosition=0, Usage={bUsedWithStaticLighting}"
"/Game/Alienboy/Demo/StarterContent/Particles/Materials/M_Burst.M_Burst","16","0","0","30","0","Compiling M_Burst: Platform=SF_METAL_SM5, Usage=LightingModel=MSM_Unlit, BlendMode=BLEND_Additive, SpecialEngine=0, TwoSided=0, TSNormal=1, Masked=0, Distorted=1, WritesEveryPixel=1, ModifiesMeshPosition=0, Usage={bUsedWithParticleSprites}"
"/Game/Alienboy/Demo/StarterContent/Particles/Materials/M_explosion_subUV.M_explosion_subUV","16","0","0","24","0","Compiling M_explosion_subUV: Platform=SF_METAL_SM5, Usage=LightingModel=MSM_Unlit, BlendMode=BLEND_Additive, SpecialEngine=0, TwoSided=0, TSNormal=1, Masked=0, Distorted=0, WritesEveryPixel=1, ModifiesMeshPosition=0, Usage={bUsedWithParticleSprites}"
"/Game/Alienboy/Demo/StarterContent/Particles/Materials/m_flare_01.m_flare_01","16","0","0","32","0","Compiling m_flare_01: Platform=SF_METAL_SM5, Usage=LightingModel=MSM_Unlit, BlendMode=BLEND_Additive, SpecialEngine=0, TwoSided=0, TSNormal=1, Masked=0, Distorted=0, WritesEveryPixel=1, ModifiesMeshPosition=0, Usage={bUsedWithParticleSprites,bUsedWithBeamTrails}"
"/Game/Alienboy/Demo/StarterContent/Particles/Materials/M_radial_ramp.M_radial_ramp","16","0","0","32","0","Compiling M_radial_ramp: Platform=SF_METAL_SM5, Usage=LightingModel=MSM_Unlit, BlendMode=BLEND_Translucent, SpecialEngine=0, TwoSided=0, TSNormal=1, Masked=0, Distorted=0, WritesEveryPixel=1, ModifiesMeshPosition=0, Usage={bUsedWithParticleSprites,bUsedWithBeamTrails}"
"/Game/Alienboy/Demo/StarterContent/Props/Materials/M_Shelf.M_Shelf","16","0","0","21","0","Compiling M_Shelf: Platform=SF_METAL_SM5, Usage=LightingModel=MSM_DefaultLit, BlendMode=BLEND_Opaque, SpecialEngine=0, TwoSided=0, TSNormal=1, Masked=0, Distorted=0, WritesEveryPixel=1, ModifiesMeshPosition=0, Usage={bUsedWithStaticLighting}"
"/Game/Alienboy/Demo/StarterContent/Props/Materials/M_Door.M_Door","16","0","0","21","0","Compiling M_Door: Platform=SF_METAL_SM5, Usage=LightingModel=MSM_DefaultLit, BlendMode=BLEND_Opaque, SpecialEngine=0, TwoSided=0, TSNormal=1, Masked=0, Distorted=0, WritesEveryPixel=1, ModifiesMeshPosition=0, Usage={bUsedWithStaticLighting}"
"/Game/Alienboy/Demo/StarterContent/Props/Materials/M_MaterialSphere_Plain.M_MaterialSphere_Plain","16","0","0","12","0","Compiling M_MaterialSphere_Plain: Platform=SF_METAL_SM5, Usage=LightingModel=MSM_DefaultLit, BlendMode=BLEND_Opaque, SpecialEngine=0, TwoSided=0, TSNormal=1, Masked=0, Distorted=0, WritesEveryPixel=1, ModifiesMeshPosition=0, Usage={}"
"/Game/Alienboy/Demo/StarterContent/Props/Materials/M_Bush.M_Bush","16","0","0","48","0","Compiling M_Bush: Platform=SF_METAL_SM5, Usage=LightingModel=MSM_DefaultLit, BlendMode=BLEND_Masked, SpecialEngine=0, TwoSided=1, TSNormal=1, Masked=1, Distorted=0, WritesEveryPixel=0, ModifiesMeshPosition=0, Usage={bUsedWithStaticLighting}"
"/Game/Alienboy/Demo/StarterContent/Props/Materials/M_MaterialSphere.M_MaterialSphere","16","0","0","12","0","Compiling M_MaterialSphere: Platform=SF_METAL_SM5, Usage=LightingModel=MSM_DefaultLit, BlendMode=BLEND_Opaque, SpecialEngine=0, TwoSided=0, TSNormal=1, Masked=0, Distorted=0, WritesEveryPixel=1, ModifiesMeshPosition=0, Usage={}"
"/Game/Alienboy/Demo/StarterContent/Props/Materials/M_Rock.M_Rock","16","0","0","21","0","Compiling M_Rock: Platform=SF_METAL_SM5, Usage=LightingModel=MSM_DefaultLit, BlendMode=BLEND_Opaque, SpecialEngine=0, TwoSided=0, TSNormal=1, Masked=0, Distorted=0, WritesEveryPixel=1, ModifiesMeshPosition=0, Usage={bUsedWithStaticLighting}"
"/Game/Alienboy/Demo/StarterContent/Materials/M_ColorGrid_LowSpec.M_ColorGrid_LowSpec","16","0","0","21","0","Compiling M_ColorGrid_LowSpec: Platform=SF_METAL_SM5, Usage=LightingModel=MSM_DefaultLit, BlendMode=BLEND_Opaque, SpecialEngine=0, TwoSided=0, TSNormal=1, Masked=0, Distorted=0, WritesEveryPixel=1, ModifiesMeshPosition=0, Usage={bUsedWithStaticLighting}"
"/Game/Mannequin/Character/Materials/M_Male_Body.M_Male_Body","16","0","0","76","0","Compiling M_Male_Body: Platform=SF_METAL_SM5, Usage=LightingModel=MSM_DefaultLit, BlendMode=BLEND_Masked, SpecialEngine=0, TwoSided=0, TSNormal=1, Masked=1, Distorted=0, WritesEveryPixel=0, ModifiesMeshPosition=1, Usage={bUsedWithSkeletalMesh}"
"/Game/Mannequin/Character/Materials/M_Male_Body.M_Male_Body","16","0","0","76","0","Compiling M_Male_Body: Platform=SF_METAL_SM5, Usage=LightingModel=MSM_DefaultLit, BlendMode=BLEND_Masked, SpecialEngine=0, TwoSided=0, TSNormal=1, Masked=1, Distorted=0, WritesEveryPixel=0, ModifiesMeshPosition=1, Usage={bUsedWithSkeletalMesh}, StaticSwitch'PlasticOverride2-1'=True"
