"Path","Platform","Compiled","Cooked","Permutations","Compiletime","CompiledDouble","CookedDouble"
"/Engine/EngineMaterials/PhAT_JointLimitMaterial.PhAT_JointLimitMaterial","16","0","16","1","0.000000","0","0"
"/Engine/EngineMaterials/GizmoMaterial.GizmoMaterial","16","0","8","1","0.000000","0","0"
"/Engine/EngineMaterials/M_InvalidLightmapSettings.M_InvalidLightmapSettings","16","0","24","1","0.000000","0","0"
"/Engine/EngineMaterials/EmissiveMeshMaterial.EmissiveMeshMaterial","16","0","10","1","0.000000","0","0"
"/Engine/EngineDebugMaterials/DebugMeshMaterial.DebugMeshMaterial","16","0","10","1","0.000000","0","0"
"/Engine/EngineMaterials/RemoveSurfaceMaterial.RemoveSurfaceMaterial","16","0","2","1","0.000000","0","0"
"/SpeedTreeImporter/SpeedTree9/SpeedTreeBillboardMaster.SpeedTreeBillboardMaster","16","0","70","1","0.000000","0","0"
"/SpeedTreeImporter/SpeedTree9/SpeedTreeMaster.SpeedTreeMaster","16","0","96","1","0.000000","0","0"
"/Engine/EngineDebugMaterials/M_VolumeRenderSphereTracePP.M_VolumeRenderSphereTracePP","16","0","4","1","0.000000","0","0"
"/Paper2D/DefaultSpriteMaterial.DefaultSpriteMaterial","16","0","93","2","0.000000","0","0"
"/Engine/EngineDebugMaterials/WireframeMaterial.WireframeMaterial","16","0","695","1","0.000000","0","0"
"/Engine/EngineDebugMaterials/VertexColorMaterial.VertexColorMaterial","16","0","90","1","0.000000","0","0"
"/Engine/EngineMaterials/DefaultMaterial.DefaultMaterial","16","0","147","1","0.000000","0","0"
"/Engine/ArtTools/RenderToTexture/Materials/Debug/M_Emissive_Color.M_Emissive_Color","16","0","2","1","0.000000","0","0"
"/Engine/EngineMaterials/Widget3DPassThrough.Widget3DPassThrough","16","0","74","6","0.000000","0","0"
"/Engine/VREditor/TransformGizmo/Xray.Xray","16","0","12","1","0.000000","0","0"
"/Engine/VREditor/TransformGizmo/Main.Main","16","0","8","1","0.000000","0","0"
"/Engine/VREditor/TransformGizmo/TranslucentTransformGizmoMaterial.TranslucentTransformGizmoMaterial","16","0","8","1","0.000000","0","0"
"/Engine/VREditor/TransformGizmo/TransformGizmoMaterial.TransformGizmoMaterial","16","0","2","1","0.000000","0","0"
"/Engine/EngineDebugMaterials/M_SimpleUnlitTranslucent.M_SimpleUnlitTranslucent","16","0","8","1","0.000000","0","0"
"/Engine/EditorMaterials/Camera/CineMat.CineMat","16","0","24","1","0.000000","0","0"
"/Engine/EngineMaterials/BaseFlattenMaterial.BaseFlattenMaterial","16","0","52","1","0.000000","0","0"
"/Engine/EngineSky/VolumetricClouds/m_SimpleVolumetricCloud.m_SimpleVolumetricCloud","16","0","50","1","0.000000","0","0"
"/Engine/EngineMaterials/DefaultPostProcessMaterial.DefaultPostProcessMaterial","16","0","6","1","0.000000","0","0"
"/Engine/EngineMaterials/DefaultLightFunctionMaterial.DefaultLightFunctionMaterial","16","0","19","1","0.000000","0","0"
"/Engine/EngineMaterials/DefaultDeferredDecalMaterial.DefaultDeferredDecalMaterial","16","0","115","1","0.000000","0","0"
"/Engine/EngineMaterials/WorldGridMaterial.WorldGridMaterial","16","0","996","1","0.000000","0","0"
"/Engine/EngineMaterials/DefaultTextMaterialOpaque.DefaultTextMaterialOpaque","16","0","35","1","0.000000","0","0"
"/Engine/EngineMaterials/PPM_DefaultCalibrationGrayscale.PPM_DefaultCalibrationGrayscale","16","0","4","1","0.000000","0","0"
"/Engine/EngineMaterials/PPM_DefaultCalibrationColor.PPM_DefaultCalibrationColor","16","0","4","1","0.000000","0","0"
"/Engine/EditorMaterials/PreviewShadowIndicatorMaterial.PreviewShadowIndicatorMaterial","16","0","19","1","0.000000","0","0"
"/Engine/EngineDebugMaterials/DebugEditorMaterial.DebugEditorMaterial","16","0","8","1","0.000000","0","0"
"/Game/LowPolyCity/Materials/M_LowPolyCity_01.M_LowPolyCity_01","16","0","21","1","0.000000","0","0"
"/Engine/EngineSky/M_Sky_Panning_Clouds2.M_Sky_Panning_Clouds2","16","0","2","1","0.000000","0","0"
"/Game/Toony_Tiny_Citizens/Materials/M_Citizens_A.M_Citizens_A","16","0","33","1","0.000000","0","0"
"/Game/Toony_Tiny_Citizens/Materials/M_Citizens_B.M_Citizens_B","16","0","24","1","0.000000","0","0"
"/Game/Toony_Tiny_Citizens/Materials/M_Floor.M_Floor","16","0","21","1","0.000000","0","0"
"/Game/Alienboy/material/tshirt/Mat_T_Alienboy_tshirt2.Mat_T_Alienboy_tshirt2","16","0","36","1","0.000000","0","0"
"/Game/Alienboy/material/shorts/Mat_T_Alienboy_shorts5.Mat_T_Alienboy_shorts5","16","0","36","1","0.000000","0","0"
"/Game/Alienboy/material/head/Mat_T_Alienboy_head1.Mat_T_Alienboy_head1","16","0","24","1","0.000000","0","0"
"/Game/Alienboy/material/eyes/Mat_T_Alienboy_eyes.Mat_T_Alienboy_eyes","16","0","24","1","0.000000","0","0"
"/Game/Alienboy/material/cross/Mat_T_Alienboy_cross1.Mat_T_Alienboy_cross1","16","0","24","1","0.000000","0","0"
"/Game/Alienboy/material/cap/Mat_T_Alienboy_cap1.Mat_T_Alienboy_cap1","16","0","36","1","0.000000","0","0"
"/Game/Alienboy/material/body/Mat_T_Alienboy_body1.Mat_T_Alienboy_body1","16","0","24","1","0.000000","0","0"
"/Game/Alienboy/material/tshirt/Mat_T_Alienboy_tshirt9.Mat_T_Alienboy_tshirt9","16","0","36","1","0.000000","0","0"
"/Game/Alienboy/material/tshirt/Mat_T_Alienboy_tshirt8.Mat_T_Alienboy_tshirt8","16","0","36","1","0.000000","0","0"
"/Game/Alienboy/material/tshirt/Mat_T_Alienboy_tshirt7.Mat_T_Alienboy_tshirt7","16","0","36","1","0.000000","0","0"
"/Game/Alienboy/material/tshirt/Mat_T_Alienboy_tshirt6.Mat_T_Alienboy_tshirt6","16","0","36","1","0.000000","0","0"
"/Game/Alienboy/material/tshirt/Mat_T_Alienboy_tshirt5.Mat_T_Alienboy_tshirt5","16","0","36","1","0.000000","0","0"
"/Game/Alienboy/material/tshirt/Mat_T_Alienboy_tshirt4.Mat_T_Alienboy_tshirt4","16","0","36","1","0.000000","0","0"
"/Game/Alienboy/material/tshirt/Mat_T_Alienboy_tshirt3.Mat_T_Alienboy_tshirt3","16","0","36","1","0.000000","0","0"
"/Game/Alienboy/material/tshirt/Mat_T_Alienboy_tshirt10.Mat_T_Alienboy_tshirt10","16","0","36","1","0.000000","0","0"
"/Game/Alienboy/material/tshirt/Mat_T_Alienboy_tshirt1.Mat_T_Alienboy_tshirt1","16","0","36","1","0.000000","0","0"
"/Game/Alienboy/material/shorts/Mat_T_Alienboy_shorts9.Mat_T_Alienboy_shorts9","16","0","36","1","0.000000","0","0"
"/Game/Alienboy/material/shorts/Mat_T_Alienboy_shorts8.Mat_T_Alienboy_shorts8","16","0","36","1","0.000000","0","0"
"/Game/Alienboy/material/shorts/Mat_T_Alienboy_shorts7.Mat_T_Alienboy_shorts7","16","0","36","1","0.000000","0","0"
"/Game/Alienboy/material/shorts/Mat_T_Alienboy_shorts6.Mat_T_Alienboy_shorts6","16","0","36","1","0.000000","0","0"
"/Game/Alienboy/material/shorts/Mat_T_Alienboy_shorts4.Mat_T_Alienboy_shorts4","16","0","36","1","0.000000","0","0"
"/Game/Alienboy/material/shorts/Mat_T_Alienboy_shorts3.Mat_T_Alienboy_shorts3","16","0","36","1","0.000000","0","0"
"/Game/Alienboy/material/shorts/Mat_T_Alienboy_shorts2.Mat_T_Alienboy_shorts2","16","0","36","1","0.000000","0","0"
"/Game/Alienboy/material/shorts/Mat_T_Alienboy_shorts10.Mat_T_Alienboy_shorts10","16","0","36","1","0.000000","0","0"
"/Game/Alienboy/material/shorts/Mat_T_Alienboy_shorts1.Mat_T_Alienboy_shorts1","16","0","36","1","0.000000","0","0"
"/Game/Alienboy/material/head/Mat_T_Alienboy_head5.Mat_T_Alienboy_head5","16","0","24","1","0.000000","0","0"
"/Game/Alienboy/material/head/Mat_T_Alienboy_head4.Mat_T_Alienboy_head4","16","0","24","1","0.000000","0","0"
"/Game/Alienboy/material/head/Mat_T_Alienboy_head3.Mat_T_Alienboy_head3","16","0","24","1","0.000000","0","0"
"/Game/Alienboy/material/head/Mat_T_Alienboy_head2.Mat_T_Alienboy_head2","16","0","24","1","0.000000","0","0"
"/Game/Alienboy/material/floor/Mat_T_Alienboy_floor.Mat_T_Alienboy_floor","16","0","21","1","0.000000","0","0"
"/Game/Alienboy/material/cross/Mat_T_Alienboy_cross4.Mat_T_Alienboy_cross4","16","0","24","1","0.000000","0","0"
"/Game/Alienboy/material/cross/Mat_T_Alienboy_cross3.Mat_T_Alienboy_cross3","16","0","24","1","0.000000","0","0"
"/Game/Alienboy/material/cross/Mat_T_Alienboy_cross2.Mat_T_Alienboy_cross2","16","0","24","1","0.000000","0","0"
"/Game/Alienboy/material/cap/Mat_T_Alienboy_cap5.Mat_T_Alienboy_cap5","16","0","36","1","0.000000","0","0"
"/Game/Alienboy/material/cap/Mat_T_Alienboy_cap4.Mat_T_Alienboy_cap4","16","0","36","1","0.000000","0","0"
"/Game/Alienboy/material/cap/Mat_T_Alienboy_cap3.Mat_T_Alienboy_cap3","16","0","36","1","0.000000","0","0"
"/Game/Alienboy/material/cap/Mat_T_Alienboy_cap2.Mat_T_Alienboy_cap2","16","0","36","1","0.000000","0","0"
"/Game/Alienboy/material/body/Mat_T_Alienboy_body5.Mat_T_Alienboy_body5","16","0","24","1","0.000000","0","0"
"/Game/Alienboy/material/body/Mat_T_Alienboy_body4.Mat_T_Alienboy_body4","16","0","24","1","0.000000","0","0"
"/Game/Alienboy/material/body/Mat_T_Alienboy_body3.Mat_T_Alienboy_body3","16","0","24","1","0.000000","0","0"
"/Game/Alienboy/material/body/Mat_T_Alienboy_body2.Mat_T_Alienboy_body2","16","0","24","1","0.000000","0","0"
"/Game/Alienboy/material/cross/Mat_T_Alienboy_cross5.Mat_T_Alienboy_cross5","16","0","24","1","0.000000","0","0"
"/Game/Alienboy/Demo/StarterContent/Materials/M_Basic_Wall.M_Basic_Wall","16","0","21","1","0.000000","0","0"
"/Game/Alienboy/Demo/StarterContent/Materials/M_Basic_Floor.M_Basic_Floor","16","0","21","1","0.000000","0","0"
"/Game/Alienboy/Demo/StarterContent/Props/Materials/M_StatueGlass.M_StatueGlass","16","0","42","1","0.000000","0","0"
"/Game/Alienboy/Demo/StarterContent/Props/Materials/M_TableRound.M_TableRound","16","0","21","1","0.000000","0","0"
"/Game/Alienboy/Demo/StarterContent/Props/Materials/M_Statue.M_Statue","16","0","21","1","0.000000","0","0"
"/Game/Alienboy/Demo/StarterContent/Props/Materials/M_Chair.M_Chair","16","0","21","1","0.000000","0","0"
"/Game/Alienboy/Demo/StarterContent/Materials/M_Metal_Copper.M_Metal_Copper","16","0","21","1","0.000000","0","0"
"/Game/Alienboy/Demo/StarterContent/Materials/M_Metal_Burnished_Steel.M_Metal_Burnished_Steel","16","0","21","1","0.000000","0","0"
"/Game/Alienboy/Demo/StarterContent/Materials/M_Metal_Brushed_Nickel.M_Metal_Brushed_Nickel","16","0","21","1","0.000000","0","0"
"/Game/Alienboy/Demo/StarterContent/Props/Materials/M_Frame.M_Frame","16","0","21","1","0.000000","0","0"
"/Game/Alienboy/Demo/StarterContent/Materials/M_Glass.M_Glass","16","0","42","1","0.000000","0","0"
"/Game/Alienboy/Demo/StarterContent/Particles/Materials/M_Dust_Particle.M_Dust_Particle","16","0","112","1","0.000000","0","0"
"/Game/Alienboy/Demo/StarterContent/Materials/M_Wood_Walnut.M_Wood_Walnut","16","0","21","1","0.000000","0","0"
"/Game/Alienboy/Demo/StarterContent/Materials/M_Wood_Pine.M_Wood_Pine","16","0","21","1","0.000000","0","0"
"/Game/Alienboy/Demo/StarterContent/Materials/M_Wood_Oak.M_Wood_Oak","16","0","21","1","0.000000","0","0"
"/Game/Alienboy/Demo/StarterContent/Materials/M_Wood_Floor_Walnut_Worn.M_Wood_Floor_Walnut_Worn","16","0","21","1","0.000000","0","0"
"/Game/Alienboy/Demo/StarterContent/Materials/M_Wood_Floor_Walnut_Polished.M_Wood_Floor_Walnut_Polished","16","0","21","1","0.000000","0","0"
"/Game/Alienboy/Demo/StarterContent/Materials/M_Water_Ocean.M_Water_Ocean","16","0","21","1","0.000000","0","0"
"/Game/Alienboy/Demo/StarterContent/Materials/M_Water_Lake.M_Water_Lake","16","0","21","1","0.000000","0","0"
"/Game/Alienboy/Demo/StarterContent/Materials/M_Tech_Panel.M_Tech_Panel","16","0","21","1","0.000000","0","0"
"/Game/Alienboy/Demo/StarterContent/Materials/M_Tech_Hex_Tile_Pulse.M_Tech_Hex_Tile_Pulse","16","0","21","1","0.000000","0","0"
"/Game/Alienboy/Demo/StarterContent/Materials/M_Tech_Hex_Tile.M_Tech_Hex_Tile","16","0","21","1","0.000000","0","0"
"/Game/Alienboy/Demo/StarterContent/Materials/M_Tech_Checker_Dot.M_Tech_Checker_Dot","16","0","21","1","0.000000","0","0"
"/Game/Alienboy/Demo/StarterContent/Materials/M_Rock_Slate.M_Rock_Slate","16","0","21","1","0.000000","0","0"
"/Game/Alienboy/Demo/StarterContent/Materials/M_Rock_Sandstone.M_Rock_Sandstone","16","0","21","1","0.000000","0","0"
"/Game/Alienboy/Demo/StarterContent/Materials/M_Rock_Marble_Polished.M_Rock_Marble_Polished","16","0","21","1","0.000000","0","0"
"/Game/Alienboy/Demo/StarterContent/Materials/M_Rock_Basalt.M_Rock_Basalt","16","0","21","1","0.000000","0","0"
"/Game/Alienboy/Demo/StarterContent/Materials/M_Metal_Steel.M_Metal_Steel","16","0","21","1","0.000000","0","0"
"/Game/Alienboy/Demo/StarterContent/Materials/M_Metal_Rust.M_Metal_Rust","16","0","21","1","0.000000","0","0"
"/Game/Alienboy/Demo/StarterContent/Materials/M_Metal_Gold.M_Metal_Gold","16","0","21","1","0.000000","0","0"
"/Game/Alienboy/Demo/StarterContent/Materials/M_Metal_Chrome.M_Metal_Chrome","16","0","21","1","0.000000","0","0"
"/Game/Alienboy/Demo/StarterContent/Materials/M_Ground_Moss.M_Ground_Moss","16","0","21","1","0.000000","0","0"
"/Game/Alienboy/Demo/StarterContent/Materials/M_Ground_Gravel.M_Ground_Gravel","16","0","21","1","0.000000","0","0"
"/Game/Alienboy/Demo/StarterContent/Materials/M_Ground_Grass.M_Ground_Grass","16","0","21","1","0.000000","0","0"
"/Game/Alienboy/Demo/StarterContent/Materials/M_Concrete_Tiles.M_Concrete_Tiles","16","0","21","1","0.000000","0","0"
"/Game/Alienboy/Demo/StarterContent/Materials/M_Concrete_Poured.M_Concrete_Poured","16","0","21","1","0.000000","0","0"
"/Game/Alienboy/Demo/StarterContent/Materials/M_Concrete_Panels.M_Concrete_Panels","16","0","21","1","0.000000","0","0"
"/Game/Alienboy/Demo/StarterContent/Materials/M_Concrete_Grime.M_Concrete_Grime","16","0","21","1","0.000000","0","0"
"/Game/Alienboy/Demo/StarterContent/Materials/M_CobbleStone_Smooth.M_CobbleStone_Smooth","16","0","21","1","0.000000","0","0"
"/Game/Alienboy/Demo/StarterContent/Materials/M_CobbleStone_Rough.M_CobbleStone_Rough","16","0","21","1","0.000000","0","0"
"/Game/Alienboy/Demo/StarterContent/Materials/M_CobbleStone_Pebble.M_CobbleStone_Pebble","16","0","21","1","0.000000","0","0"
"/Game/Alienboy/Demo/StarterContent/Materials/M_Ceramic_Tile_Checker.M_Ceramic_Tile_Checker","16","0","21","1","0.000000","0","0"
"/Game/Alienboy/Demo/StarterContent/Materials/M_Brick_Hewn_Stone.M_Brick_Hewn_Stone","16","0","21","1","0.000000","0","0"
"/Game/Alienboy/Demo/StarterContent/Materials/M_Brick_Cut_Stone.M_Brick_Cut_Stone","16","0","21","1","0.000000","0","0"
"/Game/Alienboy/Demo/StarterContent/Materials/M_Brick_Clay_Old.M_Brick_Clay_Old","16","0","21","1","0.000000","0","0"
"/Game/Alienboy/Demo/StarterContent/Materials/M_Brick_Clay_New.M_Brick_Clay_New","16","0","21","1","0.000000","0","0"
"/Game/Alienboy/Demo/StarterContent/Materials/M_Brick_Clay_Beveled.M_Brick_Clay_Beveled","16","0","21","1","0.000000","0","0"
"/Game/Alienboy/Demo/StarterContent/Props/Materials/M_Lamp.M_Lamp","16","0","21","1","0.000000","0","0"
"/Game/Alienboy/Demo/StarterContent/Particles/Materials/M_smoke_subUV.M_smoke_subUV","16","0","84","1","0.000000","0","0"
"/Game/Alienboy/Demo/StarterContent/Particles/Materials/M_Spark.M_Spark","16","0","24","1","0.000000","0","0"
"/Game/Alienboy/Demo/StarterContent/Particles/Materials/M_Radial_Gradient.M_Radial_Gradient","16","0","32","1","0.000000","0","0"
"/Game/Alienboy/Demo/StarterContent/Particles/Materials/M_Heat_Distortion.M_Heat_Distortion","16","0","36","1","0.000000","0","0"
"/Game/Alienboy/Demo/StarterContent/Particles/Materials/M_Fire_SubUV.M_Fire_SubUV","16","0","24","1","0.000000","0","0"
"/Engine/EngineMaterials/AntiAliasedTextMaterialTranslucent.AntiAliasedTextMaterialTranslucent","16","0","30","1","0.000000","0","0"
"/Game/Alienboy/Demo/StarterContent/Materials/M_AssetPlatform.M_AssetPlatform","16","0","21","1","0.000000","0","0"
"/Engine/EditorMeshes/ColorCalibrator/M_ColorGrid.M_ColorGrid","16","0","21","1","0.000000","0","0"
"/Engine/EditorMeshes/ColorCalibrator/M_ClearCoat.M_ClearCoat","16","0","21","1","0.000000","0","0"
"/Engine/EditorMeshes/ColorCalibrator/M_ChromeBall.M_ChromeBall","16","0","33","1","0.000000","0","0"
"/Engine/EditorMeshes/ColorCalibrator/M_GreyBall.M_GreyBall","16","0","21","1","0.000000","0","0"
"/Engine/EditorMeshes/ColorCalibrator/M_ClearCoatBlack.M_ClearCoatBlack","16","0","21","1","0.000000","0","0"
"/Game/Alienboy/Demo/StarterContent/Blueprints/Assets/M_LightStage_Skybox_Master.M_LightStage_Skybox_Master","16","0","4","2","0.000000","0","0"
"/Game/Alienboy/Demo/StarterContent/Blueprints/Assets/M_LightStage_Arrows.M_LightStage_Arrows","16","0","2","1","0.000000","0","0"
"/Engine/EditorMaterials/Thumbnails/SkySphereMaterial.SkySphereMaterial","16","0","2","1","0.000000","0","0"
"/Game/Geometry/Meshes/CubeMaterial.CubeMaterial","16","0","21","1","0.000000","0","0"
"/Game/FirstPerson/Meshes/BaseMaterial.BaseMaterial","16","0","33","1","0.000000","0","33"
"/Game/FPWeapon/Materials/M_FPGun.M_FPGun","16","0","76","1","0.000000","0","0"
"/Game/FirstPerson/Character/Materials/M_UE4Man_Body.M_UE4Man_Body","16","0","76","1","0.000000","0","0"
"/Game/Geometry/Flag/Pole.Pole","16","0","24","1","0.000000","0","0"
"/Game/Geometry/Flag/flag_cloth.flag_cloth","16","0","72","1","0.000000","0","0"
"/Water/Materials/WaterSurface/Water_Material.Water_Material","16","0","340","2","0.000000","0","0"
"/Water/Materials/PostProcessing/M_UnderWater_PostProcess_Volume.M_UnderWater_PostProcess_Volume","16","0","12","1","0.000000","0","0"
"/Game/DodgeBallz/Dodgball_01/Dodgball01_lambert2.Dodgball01_lambert2","16","0","12","1","0.000000","0","0"
"/Game/Charaters/Michelle_4/Ch03_Body.Ch03_Body","16","0","24","1","0.000000","0","0"
"/Game/Enemy_AI/blinn2.blinn2","16","0","12","1","0.000000","0","0"
"/Game/Enemy_AI/blinn1.blinn1","16","0","12","1","0.000000","0","0"
"/Game/DodgeBallz/blinn3.blinn3","16","0","12","1","0.000000","0","0"
"/Game/DodgeBallz/blinn2.blinn2","16","0","12","1","0.000000","0","0"
"/Game/DodgeBallz/lambert3.lambert3","16","0","12","1","0.000000","0","0"
"/Game/DodgeBallz/lambert4.lambert4","16","0","12","1","0.000000","0","0"
"/Game/DodgeBallz/blinn1.blinn1","16","0","12","1","0.000000","0","0"
"/Game/DodgeBallz/blinn4.blinn4","16","0","21","1","0.000000","0","0"
"/Game/Cloud_Stuff/fog_cloud_MAT.fog_cloud_MAT","16","0","162","1","0.000000","0","0"
"/Game/Charaters/Jolleen_34/phong1.phong1","16","0","24","1","0.000000","0","0"
"/Game/Charaters/Jackie_29/Ch29_Body.Ch29_Body","16","0","56","1","0.000000","0","0"
"/Game/Charaters/Amy_46/Ch46_body.Ch46_body","16","0","24","1","0.000000","0","0"
"/Game/Charaters/Mousey/Ch14_Body.Ch14_Body","16","0","24","1","0.000000","0","0"
"/Game/Charaters/Mannaquin/Ch36_Body.Ch36_Body","16","0","24","1","0.000000","0","0"
"/Game/Charaters/Ortiz/Ch43_Body.Ch43_Body","16","0","24","1","0.000000","0","0"
"/Game/Geometry/Flag/lambert4.lambert4","16","0","24","1","0.000000","0","0"
"/Game/Geometry/Flag/lambert5.lambert5","16","0","24","1","0.000000","0","0"
"/Game/ThirdPerson/Meshes/RampMaterial.RampMaterial","16","0","21","1","0.000000","0","0"
"/Game/Alienboy/Demo/StarterContent/Particles/Materials/M_Burst.M_Burst","16","0","30","1","0.000000","0","0"
"/Game/Alienboy/Demo/StarterContent/Particles/Materials/M_explosion_subUV.M_explosion_subUV","16","0","24","1","0.000000","0","0"
"/Game/Alienboy/Demo/StarterContent/Particles/Materials/m_flare_01.m_flare_01","16","0","32","1","0.000000","0","0"
"/Game/Alienboy/Demo/StarterContent/Particles/Materials/M_radial_ramp.M_radial_ramp","16","0","32","1","0.000000","0","0"
"/Game/Alienboy/Demo/StarterContent/Props/Materials/M_Shelf.M_Shelf","16","0","21","1","0.000000","0","0"
"/Game/Alienboy/Demo/StarterContent/Props/Materials/M_Door.M_Door","16","0","21","1","0.000000","0","0"
"/Game/Alienboy/Demo/StarterContent/Props/Materials/M_MaterialSphere_Plain.M_MaterialSphere_Plain","16","0","12","1","0.000000","0","0"
"/Game/Alienboy/Demo/StarterContent/Props/Materials/M_Bush.M_Bush","16","0","48","1","0.000000","0","0"
"/Game/Alienboy/Demo/StarterContent/Props/Materials/M_MaterialSphere.M_MaterialSphere","16","0","12","1","0.000000","0","0"
"/Game/Alienboy/Demo/StarterContent/Props/Materials/M_Rock.M_Rock","16","0","21","1","0.000000","0","0"
"/Game/Alienboy/Demo/StarterContent/Materials/M_ColorGrid_LowSpec.M_ColorGrid_LowSpec","16","0","21","1","0.000000","0","0"
"/Game/Mannequin/Character/Materials/M_Male_Body.M_Male_Body","16","0","152","2","0.000000","0","0"
